question,all_answers,dummy_pool
follow,～の後に続く、～に従う,"発達する、～を発達させる, ～に着く、～に達する, ～を無視する"
consider,～を考慮する,"～を供給する、与える, ～を許可する, ～を忘れる"
increase,増える、～を増やす,"続く、～を続ける, ～を強制する, ～を避ける"
expect,～を予期する,"～を含む、含める, ～を申し出る, ～を無視する"
decide,～することを決意する,"ままでいる, ～を悟る, ～を忘れる"
develop,発達する、～を発達させる,"～に着く、～に達する, ～と提案する、～をほのめかす, ～を避ける"
provide,～を供給する、与える,"～を許可する, ～を必要とする, ～を無視する"
continue,続く、～を続ける,"～を強制する, 心配する, ～を忘れる"
include,～を含む、含める,"～を申し出る, ～かと疑問に思う, ～を避ける"
remain,ままでいる,"～を悟る, ～を要する, ～を無視する"
reach,～に着く、～に達する,"～と提案する、～をほのめかす, ～する傾向がある、～しがちである, ～を忘れる"
allow,～を許可する,"～を必要とする, ～に依存する、～しだいで決まる, ～を避ける"
force,～を強制する,"心配する, ～を分け合う、共有する, ～を無視する"
offer,～を申し出る,"～かと疑問に思う, ～を要求する, ～を忘れる"
realize,～を悟る,"～を要する, ～を支持する, ～を避ける"
suggest,～と提案する、～をほのめかす,"～する傾向がある、～しがちである, ～を雇う, ～を無視する"
require,～を必要とする,"～に依存する、～しだいで決まる, AをBだと思う、みなす, ～を忘れる"
worry,心配する,"～を分け合う、共有する, AがBに基づいている, ～を避ける"
wonder,～かと疑問に思う,"～を要求する, ～を向上させる, ～を無視する"
cost,～を要する,"～を支持する, ～を認める, ～を忘れる"
tend,～する傾向がある、～しがちである,"～を雇う, ～に気づく, ～を避ける"
depend,～に依存する、～しだいで決まる,"AをBだと思う、みなす, ～だと思う, ～を無視する"
share,～を分け合う、共有する,"AがBに基づいている, ～を上げる、～を育てる, ～を忘れる"
demand,～を要求する,"～を向上させる, ～をより好む, ～を避ける"
support,～を支持する,"～を認める, ～を励ます, ～を無視する"
hire,～を雇う,"～に気づく, ～を経験する、受ける、苦しむ, ～を忘れる"
regard,AをBだと思う、みなす,"～だと思う, ～を描写する、～の特徴を説明する, ～を避ける"
base,AがBに基づいている,"～を上げる、～を育てる, ～をさまたげる, ～を無視する"
improve,～を向上させる,"～をより好む, ～を減らす, ～を忘れる"
recognize,～を認める,"～を励ます, ～を誤解する、まちがえる, ～を避ける"
notice,～に気づく,"～を経験する、受ける、苦しむ, ～の準備をする, ～を無視する"
suppose,～だと思う,"～を描写する、～の特徴を説明する, はげます, ～を忘れる"
raise,～を上げる、～を育てる,"～をさまたげる, ～だとわかる, ～を避ける"
prefer,～をより好む,"～を減らす, ～をあつかう, ～を無視する"
cheer,～を励ます,"～を誤解する、まちがえる, ～を設立する、創立する, ～を忘れる"
suffer,～を経験する、受ける、苦しむ,"～の準備をする, 関係がある, ～を避ける"
describe,～を描写する、～の特徴を説明する,"はげます, ～を比較する、～をたとえる, ～を無視する"
prevent,～をさまたげる,"～だとわかる, ～を広げる；広がる, ～を忘れる"
reduce,～を減らす,"～をあつかう, ～を指示する, ～を避ける"
mistake,～を誤解する、まちがえる,"～を設立する、創立する, ～を供給する, ～を無視する"
prepare,～の準備をする,"関係がある, ～を得る, ～を忘れる"
encourage,はげます,"～を比較する、～をたとえる, ～を破壊する, ～を避ける"
prove,～だとわかる,"～を広げる；広がる, 当てはまる、申し込む, ～を無視する"
treat,～をあつかう,"～を指示する, ～を求める, ～を忘れる"
establish,～を設立する、創立する,"～を供給する, ～を捜す, ～を避ける"
relate,関係がある,"～を得る, ～と主張する, ～を無視する"
compare,～を比較する、～をたとえる,"～を破壊する, ～を引っぱる, ～を忘れる"
spread,～を広げる；広がる,"当てはまる、申し込む, ～を断る, ～を避ける"
refer,～を指示する,"～を求める, ～に返答する, ～を無視する"
supply,～を供給する,"～を捜す, ～について述べる, ～を忘れる"
gain,～を得る,"～と主張する, ～を判断する, ～を避ける"
destroy,～を破壊する,"～を引っぱる, ～に接近する；～に取り組む；方法, ～を無視する"
apply,当てはまる、申し込む,"～を断る, ～を認める, ～を忘れる"
seek,～を求める,"～に返答する, ～を反映する、～を反射する, ～を避ける"
search,～を捜す,"～について述べる, ～を行う、～を遂行する, ～を無視する"
claim,～と主張する,"～を判断する, ～をうんざりさせる, ～を忘れる"
draw,～を引っぱる,"～に接近する；～に取り組む；方法, 生き残る, ～を避ける"
refuse,～を断る,"～を認める, ～を表す, ～を無視する"
respond,～に返答する,"～を反映する、～を反射する, ～と主張する, ～を忘れる"
mention,～について述べる,"～を行う、～を遂行する, ～を認める、～を与える, ～を避ける"
judge,～を判断する,"～をうんざりさせる, ～を指し示す, ～を無視する"
approach,～に接近する；～に取り組む；方法,"生き残る, 所属している, ～を忘れる"
admit,～を認める,"～を表す, ～を習得する, ～を避ける"
reflect,～を反映する、～を反射する,"～と主張する, 返事をする, ～を無視する"
perform,～を行う、～を遂行する,"～を認める、～を与える, ～にエサをやる, ～を忘れる"
bore,～をうんざりさせる,"～を指し示す, 逃げる, ～を避ける"
survive,生き残る,"所属している, ～に取って代わる、～を取り替える, ～を無視する"
represent,～を表す,"～を習得する, ～を明らかにする, ～を忘れる"
argue,～と主張する,"返事をする, ～を取り囲む, ～を避ける"
grant,～を認める、～を与える,"～にエサをやる, ～に合う, ～を無視する"
indicate,～を指し示す,"逃げる, ～を推定する, ～を忘れる"
belong,所属している,"～に取って代わる、～を取り替える, ～をねらう, ～を避ける"
acquire,～を習得する,"～を明らかにする, ～をもうける、かせぐ, ～を無視する"
reply,返事をする,"～を取り囲む, 衰退する、低下する、～を辞退する, ～を忘れる"
feed,～にエサをやる,"～に合う, ～をする余裕がある, ～を避ける"
escape,逃げる,"～を推定する, ～を当惑させる, ～を無視する"
replace,～に取って代わる、～を取り替える,"～をねらう, ～を卒業する, ～を忘れる"
reveal,～を明らかにする,"～をもうける、かせぐ, 変わる、さまざまである, ～を避ける"
surround,～を取り囲む,"衰退する、低下する、～を辞退する, ～を移す、取り去る, ～を無視する"
suit,～に合う,"～をする余裕がある, ～と主張する、言い張る, ～を忘れる"
estimate,～を推定する,"～を当惑させる, ～を調査する, ～を避ける"
aim,～をねらう,"～を卒業する, ＡにＢを思い出させる, ～を無視する"
earn,～をもうける、かせぐ,"変わる、さまざまである, ～に貢献する、～の一因となる、AをBに寄付する, ～を忘れる"
decline,衰退する、低下する、～を辞退する,"～を移す、取り去る, ～に警告する, ～を避ける"
afford,～をする余裕がある,"～と主張する、言い張る, ～をつなぐ, ～を無視する"
confuse,～を当惑させる,"～を調査する, ～に匹敵する、～に調和する, ～を忘れる"
graduate,～を卒業する,"ＡにＢを思い出させる, 焦点を合わせる, ～を避ける"
vary,変わる、さまざまである,"～に貢献する、～の一因となる、AをBに寄付する, ～を断る, ～を無視する"
remove,～を移す、取り去る,"～に警告する, ～を納得させる、確信させる, ～を忘れる"
insist,～と主張する、言い張る,"～をつなぐ, AをBに関連づける、AからBを連想する, ～を避ける"
examine,～を調査する,"～に匹敵する、～に調和する, 急いで行く, ～を無視する"
remind,ＡにＢを思い出させる,"焦点を合わせる, ～を強調する, ～を忘れる"
contribute,～に貢献する、～の一因となる、AをBに寄付する,"～を断る, ～を引きつける, ～を避ける"
warn,～に警告する,"～を納得させる、確信させる, Aに頼る, ～を無視する"
connect,～をつなぐ,"AをBに関連づける、AからBを連想する, ～を後悔する, ～を忘れる"
match,～に匹敵する、～に調和する,"急いで行く, ～を採用する, ～を避ける"
focus,焦点を合わせる,"～を強調する, ～を振る, ～を無視する"
reject,～を断る,"～を引きつける, ～を傷つける, ～を忘れる"
convince,～を納得させる、確信させる,"Aに頼る, 作動する、～を操作する、手術する, ～を避ける"
associate,AをBに関連づける、AからBを連想する,"～を後悔する, ～を広げる、延長する, ～を無視する"
rush,急いで行く,"～を採用する, ～を非難する、～のせいにする, ～を忘れる"
stress,～を強調する,"～を振る, Aで構成されている, ～を避ける"
attract,～を引きつける,"～を傷つける, ～を説得する, ～を無視する"
rely,Aに頼る,"作動する、～を操作する、手術する, ～に感心する, ～を忘れる"
regret,～を後悔する,"～を広げる、延長する, ～を失望させる, ～を避ける"
adopt,～を採用する,"～を非難する、～のせいにする, 拡大する, ～を無視する"
shake,～を振る,"Aで構成されている, ～を保護する, ～を忘れる"
hurt,～を傷つける,"～を説得する, 苦闘する、もがく, ～を避ける"
operate,作動する、～を操作する、手術する,"～に感心する, ～の手はずを整える、～を配列する, ～を無視する"
extend,～を広げる、延長する,"～を失望させる, ～を妨げる, ～を忘れる"
blame,～を非難する、～のせいにする,"拡大する, ～を雇う、～を用いる, ～を避ける"
consist,Aで構成されている,"～を保護する, Aに従事する、Aを行う, ～を無視する"
persuade,～を説得する,"苦闘する、もがく, ～を捨てる, ～を忘れる"
admire,～に感心する,"～の手はずを整える、～を配列する, ～を展示する、～を表す, ～を避ける"
disappoint,～を失望させる,"～を妨げる, ～に偶然出会う, ～を無視する"
expand,拡大する,"～を雇う、～を用いる, ～を楽しませる, ～を忘れる"
preserve,～を保護する,"Aに従事する、Aを行う, ～に面倒をかける、困らせる, ～を避ける"
struggle,苦闘する、もがく,"～を捨てる, 集中する, ～を無視する"
arrange,～の手はずを整える、～を配列する,"～を展示する、～を表す, ～を適応させる、適応する, ～を忘れる"
disturb,～を妨げる,"～に偶然出会う, ～を当惑させる, ～を避ける"
employ,～を雇う、～を用いる,"～を楽しませる, Aに訴える、～を引きつける, ～を無視する"
engage,Aに従事する、Aを行う,"～に面倒をかける、困らせる, ～を結合させる, ～を忘れる"
abandon,～を捨てる,"集中する, ～を遅らせる, ～を避ける"
display,～を展示する、～を表す,"～を適応させる、適応する, ～を修理する, ～を無視する"
encounter,～に偶然出会う,"～を当惑させる, ～を夢中にさせる, ～を忘れる"
amuse,～を楽しませる,"Aに訴える、～を引きつける, ～を許す, ～を避ける"
bother,～に面倒をかける、困らせる,"～を結合させる, ～を輸入する, ～を無視する"
concentrate,集中する,"～を遅らせる, 述べる, ～を忘れる"
adapt,～を適応させる、適応する,"～を修理する, ～を予約する、～を取っておく, ～を避ける"
puzzle,～を当惑させる,"～を夢中にさせる, ～を驚嘆させる, ～を無視する"
appeal,Aに訴える、～を引きつける,"～を許す, ～をおびえさせる, ～を忘れる"
combine,～を結合させる,"～を輸入する, ～を解放する、～を発表する, ～を避ける"
delay,～を遅らせる,"述べる, ～を賃借りする, ～を無視する"
repair,～を修理する,"～を予約する、～を取っておく, Aから回復する, ～を忘れる"
fascinate,～を夢中にさせる,"～を驚嘆させる, ～ではないかと思う、～を疑う, ～を避ける"
Pardon,～を許す,"～をおびえさせる, ～を配達する、渡す、～をする, ～を無視する"
import,～を輸入する,"～を解放する、～を発表する, ～の正体をつきとめる、Aと共感する, ～を忘れる"
remark,述べる,"～を賃借りする, 位置する, ～を避ける"
reserve,～を予約する、～を取っておく,"Aから回復する, ～を製造する, ～を無視する"
amaze,～を驚嘆させる,"～ではないかと思う、～を疑う, ～を占める, ～を忘れる"
frighten,～をおびえさせる,"～を配達する、渡す、～をする, ～を所有している, ～を避ける"
release,～を解放する、～を発表する,"～の正体をつきとめる、Aと共感する, ＡをＢにさらす, ～を無視する"
rent,～を賃借りする,"位置する, ～を翻訳する, ～を忘れる"
recover,Aから回復する,"～を製造する, ～を治療する, ～を避ける"
suspect,～ではないかと思う、～を疑う,"～を占める, ～を知覚する, ～を無視する"
deliver,～を配達する、渡す、～をする,"～を所有している, ～に慣れる、調節して合わせる, ～を忘れる"
identify,～の正体をつきとめる、Aと共感する,"ＡをＢにさらす, ～をぎょっとさせる、おびえさせる, ～を避ける"
locate,位置する,"～を翻訳する, ～を助ける、～を手伝う, ～を無視する"
manufacture,～を製造する,"～を治療する, 凍りつく, ～を忘れる"
occupy,～を占める,"～を知覚する, ～を台無しにする, ～を避ける"
own,～を所有している,"～に慣れる、調節して合わせる, ～を変える, ～を無視する"
expose,ＡをＢにさらす,"～をぎょっとさせる、おびえさせる, ～を困惑させる、～に恥ずかしい思いをさせる, ～を忘れる"
translate,～を翻訳する,"～を助ける、～を手伝う, 賛成する；～を承認する, ～を避ける"
cure,～を治療する,"凍りつく, ～の重さがある、～を比較検討する、よく考える, ～を無視する"
perceive,～を知覚する,"～を台無しにする, ～を広げる, ～を忘れる"
adjust,～に慣れる、調節して合わせる,"～を変える, Aに参加する, ～を避ける"
alarm,～をぎょっとさせる、おびえさせる,"～を困惑させる、～に恥ずかしい思いをさせる, ～を展示する, ～を無視する"
assist,～を助ける、～を手伝う,"賛成する；～を承認する, AのことはBのおかげだ, ～を忘れる"
freeze,凍りつく,"～の重さがある、～を比較検討する、よく考える, ～を祝う, ～を避ける"
spoil,～を台無しにする,"～を広げる, ～を装飾する, ～を無視する"
shift,～を変える,"Aに参加する, ～を許す, ～を忘れる"
embarrass,～を困惑させる、～に恥ずかしい思いをさせる,"～を展示する, (be seated)座っている, ～を避ける"
approve,賛成する；～を承認する,"AのことはBのおかげだ, ～を傷つける, ～を無視する"
weigh,～の重さがある、～を比較検討する、よく考える,"～を祝う, ～を縫う, ～を忘れる"
stretch,～を広げる,"～を装飾する, 結果, ～を避ける"
participate,Aに参加する,"～を許す, 特徴, ～を無視する"
exhibit,～を展示する,"(be seated)座っている, 社会、協会、団体, ～を忘れる"
owe,AのことはBのおかげだ,"～を傷つける, 車輪、ハンドル, ～を避ける"
celebrate,～を祝う,"～を縫う, 価値, ～を無視する"
decorate,～を装飾する,"結果, 効果、影響、結果, ～を忘れる"
forgive,～を許す,"特徴, 個人, ～を避ける"
seat,(be seated)座っている,"社会、協会、団体, 影響, ～を無視する"
injure,～を傷つける,"車輪、ハンドル, 謝礼、料金, ～を忘れる"
sew,～を縫う,"価値, 割合、速度, ～を避ける"
result,結果,"効果、影響、結果, 印、兆候, ～を無視する"
feature,特徴,"個人, 公共事業、業務, ～を忘れる"
society,社会、協会、団体,"影響, 前進、進歩, ～を避ける"
wheel,車輪、ハンドル,"謝礼、料金, 笑い, ～を無視する"
value,価値,"割合、速度, 物質, ～を忘れる"
effect,効果、影響、結果,"印、兆候, 工業, ～を避ける"
individual,個人,"公共事業、業務, 試み, ～を無視する"
influence,影響,"前進、進歩, 貿易, ～を忘れる"
fee,謝礼、料金,"笑い, 進歩、前進, ～を避ける"
rate,割合、速度,"物質, 言い訳, ～を無視する"
sign,印、兆候,"工業, 習慣、税関, ～を忘れる"
service,公共事業、業務,"試み, 一節、経過、通行, ～を避ける"
advance,前進、進歩,"貿易, 経済, ～を無視する"
laughter,笑い,"進歩、前進, 小道、足跡, ～を忘れる"
material,物質,"言い訳, 交通機関、輸送, ～を避ける"
industry,工業,"習慣、税関, 役人, ～を無視する"
attempt,試み,"一節、経過、通行, 見ること、光景、視力, ～を忘れる"
trade,貿易,"経済, 味、好み, ～を避ける"
progress,進歩、前進,"小道、足跡, 範囲, ～を無視する"
excuse,言い訳,"交通機関、輸送, 約束、予約, ～を忘れる"
custom,習慣、税関,"役人, 患者、忍耐強い, ～を避ける"
passage,一節、経過、通行,"見ること、光景、視力, 計画, ～を無視する"
economy,経済,"味、好み, 好意, ～を忘れる"
track,小道、足跡,"範囲, 外見、様子、出現, ～を避ける"
transportation,交通機関、輸送,"約束、予約, 危険, ～を無視する"
official,役人,"患者、忍耐強い, 利益, ～を忘れる"
sight,見ること、光景、視力,"計画, 住民, ～を避ける"
taste,味、好み,"好意, 親族、親戚, ～を無視する"
range,範囲,"外見、様子、出現, 地域, ～を忘れる"
appointment,約束、予約,"危険, 特徴, ～を避ける"
patient,患者、忍耐強い,"利益, 苦痛, ～を無視する"
project,計画,"住民, 双子の一方、双生児, ～を忘れる"
favor,好意,"親族、親戚, 場合、機会, ～を避ける"
appearance,外見、様子、出現,"地域, 原理、原則, ～を無視する"
risk,危険,"特徴, 部門、学科, ～を忘れる"
benefit,利益,"苦痛, 義務、関税, ～を避ける"
resident,住民,"双子の一方、双生児, 場面、現場, ～を無視する"
relative,親族、親戚,"場合、機会, 渋滞, ～を忘れる"
region,地域,"原理、原則, 精神, ～を避ける"
characteristic,特徴,"部門、学科, 手段, ～を無視する"
pain,苦痛,"義務、関税, 一般大衆、多くの, ～を忘れる"
twin,双子の一方、双生児,"場面、現場, 聴衆、観客, ～を避ける"
occasion,場合、機会,"渋滞, 要素、元素, ～を無視する"
principle,原理、原則,"精神, 気候, ～を忘れる"
department,部門、学科,"手段, 革命, ～を避ける"
duty,義務、関税,"一般大衆、多くの, 4分の1, ～を無視する"
scene,場面、現場,"聴衆、観客, 家具, ～を忘れる"
jam,渋滞,"要素、元素, 脳, ～を避ける"
spirit,精神,"気候, 大気、雰囲気, ～を無視する"
medium,手段,"革命, 財産, ～を忘れる"
mass,一般大衆、多くの,"4分の1, 報酬, ～を避ける"
audience,聴衆、観客,"家具, 安全, ～を無視する"
element,要素、元素,"脳, 大喜び, ～を忘れる"
climate,気候,"大気、雰囲気, 砂漠, ～を避ける"
revolution,革命,"財産, 背景、生い立ち、経歴, ～を無視する"
quarter,4分の1,"報酬, 傾向, ～を忘れる"
furniture,家具,"安全, 投票, ～を避ける"
brain,脳,"大喜び, 影響、衝撃, ～を無視する"
atmosphere,大気、雰囲気,"砂漠, 機関、制度, ～を忘れる"
property,財産,"背景、生い立ち、経歴, 交流, ～を避ける"
reward,報酬,"傾向, 代わりのもの, ～を無視する"
security,安全,"投票, 害, ～を忘れる"
delight,大喜び,"影響、衝撃, 機関、代理店, ～を避ける"
desert,砂漠,"機関、制度, 能力, ～を無視する"
background,背景、生い立ち、経歴,"交流, 大臣, ～を忘れる"
trend,傾向,"代わりのもの, ボランティア, ～を避ける"
vote,投票,"害, 利用する権利, ～を無視する"
impact,影響、衝撃,"機関、代理店, 量, ～を忘れる"
institution,機関、制度,"能力, 枝、支店、支局、部門、分野, ～を避ける"
interaction,交流,"大臣, 共通の、普通の, ～を無視する"
alternative,代わりのもの,"ボランティア, 荒い、大雑把な, ～を忘れる"
harm,害,"利用する権利, ありそうな、～する可能性が高い, ～を避ける"
agency,機関、代理店,"量, 深刻な, ～を無視する"
capacity,能力,"枝、支店、支局、部門、分野, ある特定の、特有の, ～を忘れる"
minister,大臣,"共通の、普通の, 手に入る、利用できる, ～を避ける"
volunteer,ボランティア,"荒い、大雑把な, 二言語使用の, ～を無視する"
access,利用する権利,"ありそうな、～する可能性が高い, 用意ができた, ～を忘れる"
quantity,量,"深刻な, 正しい, ～を避ける"
branch,枝、支店、支局、部門、分野,"ある特定の、特有の, 熟知している、くわしい, ～を無視する"
common,共通の、普通の,"手に入る、利用できる, 身体の、肉体の, ～を忘れる"
rough,荒い、大雑把な,"二言語使用の, ～の価値がある, ～を避ける"
likely,ありそうな、～する可能性が高い,"用意ができた, ～に関係している、参加している, ～を無視する"
serious,深刻な,"正しい, すばらしい, ～を忘れる"
particular,ある特定の、特有の,"熟知している、くわしい, 個人の、私的な, ～を避ける"
available,手に入る、利用できる,"身体の、肉体の, 明白な, ～を無視する"
bilingual,二言語使用の,"～の価値がある, 母国の, ～を忘れる"
ready,用意ができた,"～に関係している、参加している, 複雑な, ～を避ける"
correct,正しい,"すばらしい, ～する気がある、～してもかまわない, ～を無視する"
familiar,熟知している、くわしい,"個人の、私的な, 最新の, ～を忘れる"
physical,身体の、肉体の,"明白な, 男の, ～を避ける"
worth,～の価値がある,"母国の, 適切な, ～を無視する"
involved,～に関係している、参加している,"複雑な, ～する能力がある, ～を忘れる"
fantastic,すばらしい,"～する気がある、～してもかまわない, 独立した, ～を避ける"
private,個人の、私的な,"最新の, 積極的な, ～を無視する"
obvious,明白な,"男の, 楽しい, ～を忘れる"
native,母国の,"適切な, 重要な, ～を避ける"
complex,複雑な,"～する能力がある, 前の, ～を無視する"
willing,～する気がある、～してもかまわない,"独立した, 化学的な, ～を忘れる"
current,最新の,"積極的な, 動揺している, ～を避ける"
male,男の,"楽しい, 前の, ～を無視する"
proper,適切な,"重要な, 冷静な, ～を忘れる"
capable,～する能力がある,"前の, 特定の, ～を避ける"
independent,独立した,"化学的な, 意識している, ～を無視する"
positive,積極的な,"動揺している, よりすぐれている, ～を忘れる"
pleasant,楽しい,"前の, 効率がいい, ～を避ける"
significant,重要な,"冷静な, 基本的な, ～を無視する"
former,前の,"特定の, 狭い, ～を忘れる"
chemical,化学的な,"意識している, 理にかなった, ～を避ける"
upset,動揺している,"よりすぐれている, 神経質な、不安な, ～を無視する"
previous,前の,"効率がいい, 似ている, ～を忘れる"
calm,冷静な,"基本的な, 家庭の、国内の, ～を避ける"
specific,特定の,"狭い, 否定の, ～を無視する"
conscious,意識している,"理にかなった, 道徳的な, ～を忘れる"
superior,よりすぐれている,"神経質な、不安な, 熱望している, ～を避ける"
efficient,効率がいい,"似ている, すばらしい, ～を無視する"
fundamental,基本的な,"家庭の、国内の, 悪い, ～を忘れる"
narrow,狭い,"否定の, 目を覚まして, ～を避ける"
reasonable,理にかなった,"道徳的な, 年老いた, ～を無視する"
nervous,神経質な、不安な,"熱望している, 心配して、切望して, ～を忘れる"
alike,似ている,"すばらしい, たくましい、骨の折れる, ～を避ける"
domestic,家庭の、国内の,"悪い, 核の、原子力の, ～を無視する"
negative,否定の,"目を覚まして, 合法の、法律の, ～を忘れる"
moral,道徳的な,"年老いた, 好奇心の強い, ～を避ける"
eager,熱望している,"心配して、切望して, 一般市民の, ～を無視する"
remarkable,すばらしい,"たくましい、骨の折れる, 最近の, ～を忘れる"
evil,悪い,"核の、原子力の, 上級の、先輩の, ～を避ける"
awake,目を覚まして,"合法の、法律の, その後, ～を無視する"
aged,年老いた,"好奇心の強い, ほとんど, ～を忘れる"
anxious,心配して、切望して,"一般市民の, それゆえに, ～を避ける"
tough,たくましい、骨の折れる,"最近の, 正確に, ～を無視する"
nuclear,核の、原子力の,"上級の、先輩の, ひょっとすると、どうしてもVできない, ～を忘れる"
legal,合法の、法律の,"その後, 反対に, ～を避ける"
curious,好奇心の強い,"ほとんど, 時々, ～を無視する"
civil,一般市民の,"それゆえに, どういうわけか、なぜか, ～を忘れる"
recent,最近の,"正確に, めったに～ない, ～を避ける"
senior,上級の、先輩の,"ひょっとすると、どうしてもVできない, それゆえ、そのように, ～を無視する"
afterward,その後,"反対に, いたる所に, ～を忘れる"
nearly,ほとんど,"時々, ～と違って, ～を避ける"
therefore,それゆえに,"どういうわけか、なぜか, ～に加えて, ～を無視する"
exactly,正確に,"めったに～ない, ～の向こうに；～できる範囲をこえて, ～を忘れる"
possibly,ひょっとすると、どうしてもVできない,"それゆえ、そのように, ～以内で, ～を避ける"
contrary,反対に,"いたる所に, ～もない, ～を無視する"
occasionally,時々,"～と違って, ～しない限り, ～を忘れる"
somehow,どういうわけか、なぜか,"～に加えて, ～を除いて, ～を避ける"
seldom,めったに～ない,"～の向こうに；～できる範囲をこえて, ～すべきである, ～を無視する"
thus,それゆえ、そのように,"～以内で, ～にもかかわらず, ～を忘れる"
throughout,いたる所に,"～もない, ～かどうか、～であろうとなかろうと, ～を避ける"
unlike,～と違って,"～しない限り, ～を説明する, ～を無視する"
besides,～に加えて,"～を除いて, ～を受け入れる, ～を忘れる"
beyond,～の向こうに；～できる範囲をこえて,"～すべきである, ～を生産する, ～を避ける"
within,～以内で,"～にもかかわらず, 存在する, ～を無視する"
nor,～もない,"～かどうか、～であろうとなかろうと, ～を表現する, ～を忘れる"
unless,～しない限り,"～を説明する, ～を加える, ～を避ける"
except,～を除いて,"～を受け入れる, ～を避ける, ～を無視する"
ought,～すべきである,"～を生産する, ～と結婚する, ～を忘れる"
in spite of,～にもかかわらず,"存在する, ～を守る, ～を避ける"
whether,～かどうか、～であろうとなかろうと,"～を表現する, ～に影響する, ～を無視する"
explain,～を説明する,"～を加える, ～を決定する, ～を忘れる"
accept,～を受け入れる,"～を避ける, ～を解決する, ～を避ける"
produce,～を生産する,"～と結婚する, ～を含んでいる, ～を無視する"
exist,存在する,"～を守る, ～を議論する, ～を忘れる"
express,～を表現する,"～に影響する, ～を無視する, ～を避ける"
add,～を加える,"～を決定する, ～を推測する, ～を無視する"
avoid,～を避ける,"～を解決する, 交換する, ～を忘れる"
marry,～と結婚する,"～を含んでいる, ～を満たす, ～を避ける"
protect,～を守る,"～を議論する, 苦情を言う, ～を無視する"
affect,～に影響する,"～を無視する, ～を達成する, ～を忘れる"
determine,～を決定する,"～を推測する, ～を可能にする, ～を避ける"
solve,～を解決する,"交換する, つもりだ, ～を無視する"
contain,～を含んでいる,"～を満たす, ～を得る, ～を忘れる"
discuss,～を議論する,"苦情を言う, 分割する, ～を避ける"
ignore,～を無視する,"～を達成する, ～をいらいらさせる, ～を無視する"
guess,～を推測する,"～を可能にする, 異なる, ～を忘れる"
exchange,交換する,"つもりだ, ～を教育する, ～を避ける"
satisfy,～を満たす,"～を得る, ～を借りる, ～を無視する"
complain,苦情を言う,"分割する, ～を発明する, ～を忘れる"
achieve,～を達成する,"～をいらいらさせる, ～を促進する, ～を避ける"
enable,～を可能にする,"異なる, ～に忠告する, ～を無視する"
intend,つもりだ,"～を教育する, 辞める, ～を忘れる"
obtain,～を得る,"～を借りる, ～を許す, ～を避ける"
divide,分割する,"～を発明する, ～を勧める, ～を無視する"
annoy,～をいらいらさせる,"～を促進する, 謝る, ～を忘れる"
differ,異なる,"～に忠告する, ～に知らせる, ～を避ける"
educate,～を教育する,"辞める, ～に反対する, ～を無視する"
borrow,～を借りる,"～を許す, ～を信用する, ～を忘れる"
invent,～を発明する,"～を勧める, ～を選ぶ, ～を避ける"
promote,～を促進する,"謝る, ～をほめる, ～を無視する"
advise,～に忠告する,"～に知らせる, ～に対処する, ～を忘れる"
retire,辞める,"～に反対する, ～を提案する, ～を避ける"
permit,～を許す,"～を信用する, ～を呼吸する, ～を無視する"
recommend,～を勧める,"～を選ぶ, ～を非難する, ～を忘れる"
apologize,謝る,"～をほめる, ～に打ち勝つ, ～を避ける"
inform,～に知らせる,"～に対処する, ～を持っている, ～を無視する"
oppose,～に反対する,"～を提案する, ～を予言する, ～を忘れる"
trust,～を信用する,"～を呼吸する, ～を出版する, ～を避ける"
select,～を選ぶ,"～を非難する, 浮かぶ, ～を無視する"
praise,～をほめる,"～に打ち勝つ, ～を思い出す, ～を忘れる"
handle,～に対処する,"～を持っている, ～を探検する, ～を避ける"
propose,～を提案する,"～を予言する, ふりをする, ～を無視する"
breathe,～を呼吸する,"～を出版する, ～を吸収する, ～を忘れる"
criticize,～を非難する,"浮かぶ, ～に似ている, ～を避ける"
overcome,～に打ち勝つ,"～を思い出す, ～を引き裂く, ～を無視する"
possess,～を持っている,"～を探検する, ～を消費する, ～を忘れる"
predict,～を予言する,"ふりをする, 競争する, ～を避ける"
publish,～を出版する,"～を吸収する, ～をやめる, ～を無視する"
floating,浮かぶ,"～に似ている, ～を発表する, ～を忘れる"
recall,～を思い出す,"～を引き裂く, 反応する, ～を避ける"
explore,～を探検する,"～を消費する, 歩き回る, ～を無視する"
pretend,ふりをする,"競争する, メールを送る, ～を忘れる"
absorb,～を吸収する,"～をやめる, ～を生み出す, ～を避ける"
resemble,～に似ている,"～を発表する, ～を取る, ～を無視する"
tear,～を引き裂く,"反応する, 政府, ～を忘れる"
consume,～を消費する,"歩き回る, 知識, ～を避ける"
compete,競争する,"メールを送る, 国, ～を無視する"
quit,～をやめる,"～を生み出す, 努力, ～を忘れる"
announce,～を発表する,"～を取る, 時代, ～を避ける"
react,反応する,"政府, 人口, ～を無視する"
wander,歩き回る,"知識, 目的, ～を忘れる"
text,メールを送る,"国, 行動, ～を避ける"
generate,～を生み出す,"努力, 不足, ～を無視する"
score,～を取る,"時代, 技術, ～を忘れる"
government,政府,"人口, 質, ～を避ける"
knowledge,知識,"目的, 環境, ～を無視する"
nation,国,"行動, 役割, ～を忘れる"
effort,努力,"不足, 態度, ～を避ける"
period,時代,"技術, 筆者, ～を無視する"
population,人口,"質, 研究, ～を忘れる"
purpose,目的,"環境, 機会, ～を避ける"
behavior,行動,"役割, 源, ～を無視する"
lack,不足,"態度, 炭素, ～を忘れる"
skill,技術,"筆者, 形, ～を避ける"
quality,質,"研究, 利点, ～を無視する"
environment,環境,"機会, 方法, ～を忘れる"
role,役割,"源, 習慣, ～を避ける"
attitude,態度,"炭素, 細部, ～を無視する"
author,筆者,"形, 距離, ～を忘れる"
research,研究,"利点, 群衆, ～を避ける"
opportunity,機会,"方法, 例, ～を無視する"
source,源,"習慣, 願望, ～を忘れる"
carbon,炭素,"細部, 水準, ～を避ける"
shape,形,"距離, 仕事, ～を無視する"
advantage,利点,"群衆, 世代, ～を忘れる"
method,方法,"例, 責任, ～を避ける"
habit,習慣,"願望, 実験, ～を無視する"
detail,細部,"水準, 運動選手, ～を忘れる"
distance,距離,"仕事, 10年, ～を避ける"
crowd,群衆,"世代, 損失, ～を無視する"
instance,例,"責任, 熱, ～を忘れる"
desire,願望,"実験, 理論, ～を避ける"
standard,水準,"運動選手, 記述, ～を無視する"
task,仕事,"10年, 教授, ～を忘れる"
generation,世代,"損失, 機能, ～を避ける"
responsibility,責任,"熱, 表面, ～を無視する"
experiment,実験,"理論, 封筒, ～を忘れる"
athlete,運動選手,"記述, 組織, ～を避ける"
decade,10年,"教授, 政策, ～を無視する"
loss,損失,"機能, 資源, ～を忘れる"
fever,熱,"表面, 対比, ～を避ける"
theory,理論,"封筒, 洪水, ～を無視する"
statement,記述,"組織, 連れ合い, ～を忘れる"
professor,教授,"政策, 商品, ～を避ける"
function,機能,"資源, 動物, ～を無視する"
surface,表面,"対比, 構造, ～を忘れる"
envelope,封筒,"洪水, 伝統, ～を避ける"
organization,組織,"連れ合い, 体重, ～を無視する"
policy,政策,"商品, 慈善, ～を忘れる"
resource,資源,"動物, 市民, ～を避ける"
contrast,対比,"構造, 印象, ～を無視する"
flood,洪水,"伝統, マンガ, ～を忘れる"
mate,連れ合い,"体重, 経歴, ～を避ける"
goods,商品,"慈善, 用地, ～を無視する"
creature,動物,"市民, 乗客, ～を忘れる"
structure,構造,"印象, 暴力, ～を避ける"
tradition,伝統,"マンガ, 所得, ～を無視する"
weight,体重,"経歴, 気温, ～を忘れる"
charity,慈善,"用地, 大多数, ～を避ける"
citizen,市民,"乗客, 起源, ～を無視する"
impression,印象,"暴力, 文学, ～を忘れる"
cartoon,マンガ,"所得, 設備, ～を避ける"
career,経歴,"気温, 見知らぬ人, ～を無視する"
site,用地,"大多数, 強さ, ～を忘れる"
passenger,乗客,"起源, 惑星, ～を避ける"
violence,暴力,"文学, 小説, ～を無視する"
income,所得,"設備, 宗教, ～を忘れる"
temperature,気温,"見知らぬ人, 汚染, ～を避ける"
majority,大多数,"強さ, 富, ～を無視する"
origin,起源,"惑星, 文書, ～を忘れる"
literature,文学,"小説, もうけ, ～を避ける"
equipment,設備,"宗教, 技術, ～を無視する"
stranger,見知らぬ人,"汚染, 感情, ～を忘れる"
strength,強さ,"富, 現象, ～を避ける"
planet,惑星,"文書, 恐怖, ～を無視する"
fiction,小説,"もうけ, はしご, ～を忘れる"
religion,宗教,"技術, 十億, ～を避ける"
pollution,汚染,"感情, 地位, ～を無視する"
wealth,富,"現象, 若者, ～を忘れる"
document,文書,"恐怖, 自信, ～を避ける"
profit,もうけ,"はしご, 周辺, ～を無視する"
technique,技術,"十億, 家庭, ～を忘れる"
emotion,感情,"地位, 学者, ～を避ける"
phenomenon,現象,"若者, 調査, ～を無視する"
horror,恐怖,"自信, 語彙, ～を忘れる"
ladder,はしご,"周辺, 敵, ～を避ける"
billion,十億,"家庭, 建設, ～を無視する"
status,地位,"学者, 講義, ～を忘れる"
youth,若者,"調査, 指示, ～を避ける"
confidence,自信,"語彙, 危機, ～を無視する"
edge,周辺,"敵, 器具, ～を忘れる"
household,家庭,"建設, 作物, ～を避ける"
scholar,学者,"講義, 兵器, ～を無視する"
survey,調査,"指示, 装置, ～を忘れる"
vocabulary,語彙,"危機, 道, ～を避ける"
enemy,敵,"器具, 地震, ～を無視する"
construction,建設,"作物, 小川, ～を忘れる"
lecture,講義,"兵器, 概念, ～を避ける"
instruction,指示,"装置, 庭, ～を無視する"
crisis,危機,"道, 犠牲者, ～を忘れる"
instrument,器具,"地震, 燃料, ～を避ける"
crop,作物,"小川, 祖先, ～を無視する"
weapon,兵器,"概念, 土壌, ～を忘れる"
device,装置,"庭, 討論, ～を避ける"
path,道,"犠牲者, 犯罪, ～を無視する"
earthquake,地震,"燃料, 同僚, ～を忘れる"
stream,小川,"祖先, 棚, ～を避ける"
notion,概念,"土壌, 分析, ～を無視する"
yard,庭,"討論, 宇宙, ～を忘れる"
victim,犠牲者,"犯罪, 電気, ～を避ける"
fuel,燃料,"同僚, 昆虫, ～を無視する"
ancestor,祖先,"棚, 巣, ～を忘れる"
soil,土壌,"分析, 嵐, ～を避ける"
debate,討論,"宇宙, 十分な, ～を無視する"
crime,犯罪,"電気, 農業, ～を忘れる"
colleague,同僚,"昆虫, 遺伝子, ～を避ける"
shelf,棚,"巣, 証拠, ～を無視する"
analysis,分析,"嵐, 結果, ～を忘れる"
universe,宇宙,"十分な, 幼児, ～を避ける"
electricity,電気,"農業, 暇, ～を無視する"
insect,昆虫,"遺伝子, 細胞, ～を忘れる"
web,巣,"証拠, 才能, ～を避ける"
storm,嵐,"結果, 広告, ～を無視する"
plenty,十分な,"幼児, 程度, ～を忘れる"
agriculture,農業,"暇, ごみ, ～を避ける"
gene,遺伝子,"細胞, 一般, ～を無視する"
evidence,証拠,"才能, さまざまな, ～を忘れる"
consequence,結果,"広告, 似ている, ～を避ける"
infant,幼児,"程度, 完全な, ～を無視する"
leisure,暇,"ごみ, 急激な, ～を忘れる"
cell,細胞,"一般, 高価な, ～を避ける"
talent,才能,"さまざまな, 政治的な, ～を無視する"
advertising,広告,"似ている, 気づいている, ～を忘れる"
extent,程度,"完全な, 古代の, ～を避ける"
garbage,ごみ,"急激な, 医学の, ～を無視する"
general,一般,"高価な, 不可欠だ, ～を忘れる"
various,さまざまな,"政治的な, 巨大な, ～を避ける"
similar,似ている,"気づいている, ひどい, ～を無視する"
complete,完全な,"古代の, 実用的な, ～を忘れる"
sharp,急激な,"医学の, 全, ～を避ける"
expensive,高価な,"不可欠だ, いちばん好きな, ～を無視する"
political,政治的な,"巨大な, 快適な, ～を忘れる"
aware,気づいている,"ひどい, 小さい, ～を避ける"
ancient,古代の,"実用的な, 典型的な, ～を無視する"
medical,医学の,"全, 理想的な, ～を忘れる"
essential,不可欠だ,"いちばん好きな, 主要な, ～を避ける"
huge,巨大な,"快適な, 適切な, ～を無視する"
terrible,ひどい,"小さい, からの, ～を忘れる"
practical,実用的な,"典型的な, 急速な, ～を避ける"
entire,全,"理想的な, 精神の, ～を無視する"
favorite,いちばん好きな,"主要な, すばらしい, ～を忘れる"
comfortable,快適な,"適切な, 都合がいい, ～を避ける"
minor,小さい,"からの, 潜在的な, ～を無視する"
typical,典型的な,"急速な, 財政的な, ～を忘れる"
ideal,理想的な,"精神の, 莫大な, ～を避ける"
principal,主要な,"すばらしい, 珍しい, ～を無視する"
appropriate,適切な,"都合がいい, 人工, ～を忘れる"
empty,からの,"潜在的な, ちっちゃな, ～を避ける"
rapid,急速な,"財政的な, かなりの, ～を無視する"
mental,精神の,"莫大な, 敏感な, ～を忘れる"
excellent,すばらしい,"珍しい, 知的な, ～を避ける"
convenient,都合がいい,"人工, のどが渇く, ～を無視する"
potential,潜在的な,"ちっちゃな, 礼儀正しい, ～を忘れる"
financial,財政的な,"かなりの, 正確な, ～を避ける"
enormous,莫大な,"敏感な, 失礼な, ～を無視する"
rare,珍しい,"知的な, 十分な, ～を忘れる"
artificial,人工,"のどが渇く, 都会の, ～を避ける"
tiny,ちっちゃな,"礼儀正しい, 一時的な, ～を無視する"
considerable,かなりの,"正確な, 原始的な, ～を忘れる"
sensitive,敏感な,"失礼な, 永久, ～を避ける"
intellectual,知的な,"十分な, 高齢の, ～を無視する"
thirsty,のどが渇く,"都会の, 厳しい, ～を忘れる"
polite,礼儀正しい,"一時的な, 簡潔な, ～を避ける"
accurate,正確な,"原始的な, 流動的な, ～を無視する"
rude,失礼な,"永久, 最新の, ～を忘れる"
sufficient,十分な,"高齢の, 軍事的な, ～を避ける"
urban,都会の,"厳しい, 厳しい, ～を無視する"
temporary,一時的な,"簡潔な, 固体の, ～を忘れる"
primitive,原始的な,"流動的な, ばかな, ～を避ける"
permanent,永久,"最新の, 生物, ～を無視する"
elderly,高齢の,"軍事的な, おそらく, ～を忘れる"
severe,厳しい,"厳しい, ほとんど～ない, ～を避ける"
brief,簡潔な,"固体の, すぐに, ～を無視する"
mobile,流動的な,"ばかな, ついに, ～を忘れる"
latest,最新の,"生物, しばしば, ～を避ける"
military,軍事的な,"おそらく, 非常に, ～を無視する"
strict,厳しい,"ほとんど～ない, だんだん, ～を忘れる"
solid,固体の,"すぐに, すぐに, ～を避ける"
stupid,ばかな,"ついに, それにもかかわらず, ～を無視する"
biological,生物,"しばしば, その上, ～を忘れる"
probably,おそらく,"非常に, 比較的, ～を避ける"
hardly,ほとんど～ない,"だんだん, 一見, ～を無視する"
immediately,すぐに,"すぐに, 絶対, ～を忘れる"
eventually,ついに,"それにもかかわらず, 主に, ～を避ける"
frequently,しばしば,"その上, 大部分は, ～を無視する"
extremely,非常に,"比較的, およそ, ～を忘れる"
gradually,だんだん,"一見, 一晩, ～を避ける"
instantly,すぐに,"絶対, 偶然, ～を無視する"
nevertheless,それにもかかわらず,"主に, にもかかわらず, ～を忘れる"
moreover,その上,"大部分は, 進む, ～を避ける"
relatively,比較的,"およそ, ～を確実にする, ～を無視する"
apparently,一見,"一晩, ～を解釈する, ～を忘れる"
definitely,絶対,"偶然, ～しなくなる, ～を避ける"
largely,主に,"にもかかわらず, （公式に）～を禁止する, ～を無視する"
mostly,大部分は,"進む, ～に従う, ～を忘れる"
approximately,およそ,"～を確実にする, (不要なもの)を除去する, ～を避ける"
overnight,一晩,"～を解釈する, ～に抵抗する, ～を無視する"
accidentally,偶然,"～しなくなる, 〈人〉に同伴する, ～を忘れる"
despite,にもかかわらず,"（公式に）～を禁止する, (罪など)を犯す、～をゆだねる、委任する、(本気で)取り組む, ～を避ける"
proceed,進む,"～に従う, ～を追求する, ～を無視する"
ensure,～を確実にする,"(不要なもの)を除去する, (証明などが)～を明らかに示す, ～を忘れる"
interpret,～を解釈する,"～に抵抗する, きっと～だと思う, ～を避ける"
cease,～しなくなる,"〈人〉に同伴する, ～を台無しにする、破壊する, ～を無視する"
ban,（公式に）～を禁止する,"(罪など)を犯す、～をゆだねる、委任する、(本気で)取り組む, ～を脅迫する, ～を忘れる"
obey,～に従う,"～を追求する, AをBにくっつける, ～を避ける"
eliminate,(不要なもの)を除去する,"(証明などが)～を明らかに示す, ～を反対にする、逆転する, ～を無視する"
resist,～に抵抗する,"きっと～だと思う, ～を制限する, ～を忘れる"
accompany,〈人〉に同伴する,"～を台無しにする、破壊する, ～を組み立てる, ～を避ける"
commit,(罪など)を犯す、～をゆだねる、委任する、(本気で)取り組む,"～を脅迫する, よりかかる、もたれる, ～を無視する"
pursue,～を追求する,"AをBにくっつける, ～を代わりに用いる, ～を忘れる"
demonstrate,(証明などが)～を明らかに示す,"～を反対にする、逆転する, ～の跡をたどる, ～を避ける"
bet,きっと～だと思う,"～を制限する, ～を妨げる, ～を無視する"
ruin,～を台無しにする、破壊する,"～を組み立てる, ～の前に立ちふさがる、～に立ち向かう, ～を忘れる"
threaten,～を脅迫する,"よりかかる、もたれる, ～を（例で）示す, ～を避ける"
attach,AをBにくっつける,"～を代わりに用いる, ～を逮捕する, ～を無視する"
reverse,～を反対にする、逆転する,"～の跡をたどる, ～を刺激する, ～を忘れる"
restrict,～を制限する,"～を妨げる, （～を）保証する, ～を避ける"
compose,～を組み立てる,"～の前に立ちふさがる、～に立ち向かう, ～に相談する、～を参照する, ～を無視する"
lean,よりかかる、もたれる,"～を（例で）示す, ～を憂鬱にさせる, ～を忘れる"
substitute,～を代わりに用いる,"～を逮捕する, 激突する, ～を避ける"
trace,～の跡をたどる,"～を刺激する, ～を奮起させる、やる気にさせる, ～を無視する"
interrupt,～を妨げる,"（～を）保証する, Aを専門にする、専攻する, ～を忘れる"
confront,～の前に立ちふさがる、～に立ち向かう,"～に相談する、～を参照する, (植物)を栽培する、(感情・能力などを)育む, ～を避ける"
illustrate,～を（例で）示す,"～を憂鬱にさせる, (約束・夢など)を果たす, ～を無視する"
arrest,～を逮捕する,"激突する, ～を送る、伝える, ～を忘れる"
stimulate,～を刺激する,"～を奮起させる、やる気にさせる, ～を創立する、設立する, ～を避ける"
assure,（～を）保証する,"Aを専門にする、専攻する, (手など)をたたく, ～を無視する"
consult,～に相談する、～を参照する,"(植物)を栽培する、(感情・能力などを)育む, 破裂する、突然～しだす, ～を忘れる"
depress,～を憂鬱にさせる,"(約束・夢など)を果たす, おじぎする, ～を避ける"
crash,激突する,"～を送る、伝える, (考えなど)を無視する、(人)を解雇する、解散する, ～を無視する"
inspire,～を奮起させる、やる気にさせる,"～を創立する、設立する, ～を繁殖させる、繁殖する, ～を忘れる"
specialize,Aを専門にする、専攻する,"(手など)をたたく, 〈法・団体が〉～を禁じる, ～を避ける"
cultivate,(植物)を栽培する、(感情・能力などを)育む,"破裂する、突然～しだす, ～に強いる, ～を無視する"
fulfill,(約束・夢など)を果たす,"おじぎする, Aに適任である, ～を忘れる"
transmit,～を送る、伝える,"(考えなど)を無視する、(人)を解雇する、解散する, （金）を投資する, ～を避ける"
found,～を創立する、設立する,"～を繁殖させる、繁殖する, ～を理解する, ～を無視する"
clap,(手など)をたたく,"〈法・団体が〉～を禁じる, 崩壊する, ～を忘れる"
burst,破裂する、突然～しだす,"～に強いる, ～を見落とす、～を見逃す, ～を避ける"
bow,おじぎする,"Aに適任である, ～を非難する, ～を無視する"
dismiss,(考えなど)を無視する、(人)を解雇する、解散する,"（金）を投資する, 〈人〉を欲求不満にさせる, ～を忘れる"
breed,～を繁殖させる、繁殖する,"～を理解する, AからBを奪う, ～を避ける"
prohibit,〈法・団体が〉～を禁じる,"崩壊する, ～を驚嘆させる, ～を無視する"
oblige,～に強いる,"～を見落とす、～を見逃す, ～を登録する, ～を忘れる"
qualify,Aに適任である,"～を非難する, 一致する, ～を避ける"
invest,（金）を投資する,"〈人〉を欲求不満にさせる, ～を投げる, ～を無視する"
grasp,～を理解する,"AからBを奪う, AはBのおかげだと思う, ～を忘れる"
collapse,崩壊する,"～を驚嘆させる, ～を無視する、怠る, ～を避ける"
overlook,～を見落とす、～を見逃す,"～を登録する, 飢える, ～を無視する"
accuse,～を非難する,"一致する, (問題など)を解決する, ～を忘れる"
frustrate,〈人〉を欲求不満にさせる,"～を投げる, AをBに課す、押し付ける, ～を避ける"
deprive,AからBを奪う,"AはBのおかげだと思う, ～を転換する, ～を無視する"
astonish,～を驚嘆させる,"～を無視する、怠る, ～をおびえさせる, ～を忘れる"
register,～を登録する,"飢える, ～を構成する、占める、～である, ～を避ける"
correspond,一致する,"(問題など)を解決する, ～を任命する, ～を無視する"
cast,～を投げる,"AをBに課す、押し付ける, ～を(暗に)意味する, ～を忘れる"
attribute,AはBのおかげだと思う,"～を転換する, (仕事・物)を割り当てる, ～を避ける"
neglect,～を無視する、怠る,"～をおびえさせる, うなずく, ～を無視する"
starve,飢える,"～を構成する、占める、～である, ～を選挙で選ぶ, ～を忘れる"
resolve,(問題など)を解決する,"～を任命する, ～を移す, ～を避ける"
impose,AをBに課す、押し付ける,"～を(暗に)意味する, AからBを奪う, ～を無視する"
convert,～を転換する,"(仕事・物)を割り当てる, ～を捕らえる, ～を忘れる"
scare,～をおびえさせる,"うなずく, （仕事など）を引き受ける, ～を避ける"
constitute,～を構成する、占める、～である,"～を選挙で選ぶ, おぼれ死ぬ, ～を無視する"
appoint,～を任命する,"～を移す, ～を割る、分裂する, ～を忘れる"
imply,～を(暗に)意味する,"AからBを奪う, Aに訴える, ～を避ける"
assign,(仕事・物)を割り当てる,"～を捕らえる, 下る、降りる, ～を無視する"
nod,うなずく,"（仕事など）を引き受ける, ～をいらだたせる, ～を忘れる"
elect,～を選挙で選ぶ,"おぼれ死ぬ, 〈単語など〉を発音する, ～を避ける"
transfer,～を移す,"～を割る、分裂する, ～を装備させる, ～を無視する"
rob,AからBを奪う,"Aに訴える, いかさまをする, ～を忘れる"
capture,～を捕らえる,"下る、降りる, 〈隠れていたものが〉現れる, ～を避ける"
undertake,（仕事など）を引き受ける,"～をいらだたせる, ～をささげる, ～を無視する"
drown,おぼれ死ぬ,"〈単語など〉を発音する, 〈けがなど〉を治す、治る, ～を忘れる"
split,～を割る、分裂する,"～を装備させる, ～に強く迫る、～を説得する, ～を避ける"
resort,Aに訴える,"いかさまをする, ～をうらやむ, ～を無視する"
descend,下る、降りる,"〈隠れていたものが〉現れる, ～を追いかける, ～を忘れる"
irritate,～をいらだたせる,"～をささげる, ～を促す, ～を避ける"
pronounce,〈単語など〉を発音する,"〈けがなど〉を治す、治る, ～を引っ込める、引きこもる、退く、(預金など)を引き出す, ～を無視する"
equip,～を装備させる,"～に強く迫る、～を説得する, ～を探知する、～を発見する, ～を忘れる"
cheat,いかさまをする,"～をうらやむ, Aを邪魔する, ～を避ける"
emerge,〈隠れていたものが〉現れる,"～を追いかける, 冗談を言う、からかう, ～を無視する"
devote,～をささげる,"～を促す, (ロケットなど)を打ち上げる, ～を忘れる"
heal,〈けがなど〉を治す、治る,"～を引っ込める、引きこもる、退く、(預金など)を引き出す, ～を危険にさらす, ～を避ける"
urge,～に強く迫る、～を説得する,"～を探知する、～を発見する, ～を促進する、育成する, ～を無視する"
envy,～をうらやむ,"Aを邪魔する, 減少する、衰える、～を減らす, ～を忘れる"
chase,～を追いかける,"冗談を言う、からかう, ～をこぼす, ～を避ける"
prompt,～を促す,"(ロケットなど)を打ち上げる, 〈人〉に感染する, ～を無視する"
withdraw,～を引っ込める、引きこもる、退く、(預金など)を引き出す,"～を危険にさらす, Aから生じる、Aに由来する, ～を忘れる"
detect,～を探知する、～を発見する,"～を促進する、育成する, ～を軽くたたく, ～を避ける"
interfere,Aを邪魔する,"減少する、衰える、～を減らす, 受け入れる、含む, ～を無視する"
kid,冗談を言う、からかう,"～をこぼす, 比率, ～を忘れる"
launch,(ロケットなど)を打ち上げる,"〈人〉に感染する, 契約, ～を避ける"
endanger,～を危険にさらす,"Aから生じる、Aに由来する, 胸, ～を無視する"
foster,～を促進する、育成する,"～を軽くたたく, 財宝, ～を忘れる"
diminish,減少する、衰える、～を減らす,"受け入れる、含む, 株(式), ～を避ける"
spill,～をこぼす,"比率, 設備、施設, ～を無視する"
infect,〈人〉に感染する,"契約, 金額、合計、要約, ～を忘れる"
stem,Aから生じる、Aに由来する,"胸, 地位, ～を避ける"
tap,～を軽くたたく,"財宝, 民主主義、民主国家, ～を無視する"
embrace,受け入れる、含む,"株(式), 緊急事態, ～を忘れる"
proportion,比率,"設備、施設, 抗議, ～を避ける"
contract,契約,"金額、合計、要約, 移民, ～を無視する"
chest,胸,"地位, 車、乗り物、手段, ～を忘れる"
treasure,財宝,"民主主義、民主国家, 決まりきった仕事、日課, ～を避ける"
stock,株(式),"緊急事態, 物, ～を無視する"
facility,設備、施設,"抗議, 列, ～を忘れる"
sum,金額、合計、要約,"移民, プロフィール、人物紹介、横顔, ～を避ける"
rank,地位,"車、乗り物、手段, 夜明け, ～を無視する"
democracy,民主主義、民主国家,"決まりきった仕事、日課, 福祉, ～を忘れる"
emergency,緊急事態,"物, 見方, ～を避ける"
protest,抗議,"列, 熱意、情熱, ～を無視する"
immigrant,移民,"プロフィール、人物紹介、横顔, 信頼, ～を忘れる"
vehicle,車、乗り物、手段,"夜明け, 職業、占領, ～を避ける"
routine,決まりきった仕事、日課,"福祉, 証人、目撃者, ～を無視する"
stuff,物,"見方, 王国, ～を忘れる"
row,列,"熱意、情熱, 同等のもの、相当するもの, ～を避ける"
profile,プロフィール、人物紹介、横顔,"信頼, 目的、目標、客観的な, ～を無視する"
dawn,夜明け,"職業、占領, 積み重ね, ～を忘れる"
welfare,福祉,"証人、目撃者, 避難(所), ～を避ける"
perspective,見方,"王国, 試み、裁判, ～を無視する"
enthusiasm,熱意、情熱,"同等のもの、相当するもの, 名誉, ～を忘れる"
faith,信頼,"目的、目標、客観的な, 領土、なわ張り, ～を避ける"
occupation,職業、占領,"積み重ね, わく, ～を無視する"
witness,証人、目撃者,"避難(所), 国境地帯, ～を忘れる"
kingdom,王国,"試み、裁判, 統計(学), ～を避ける"
equivalent,同等のもの、相当するもの,"名誉, 企業、事業, ～を無視する"
objective,目的、目標、客観的な,"領土、なわ張り, 文脈、状況, ～を忘れる"
pile,積み重ね,"わく, 荷物, ～を避ける"
shelter,避難(所),"国境地帯, 穀物, ～を無視する"
trial,試み、裁判,"統計(学), 再検討, ～を忘れる"
honor,名誉,"企業、事業, 偏見, ～を避ける"
territory,領土、なわ張り,"文脈、状況, 負担, ～を無視する"
frame,わく,"荷物, わな、閉じ込められる、わなにかける, ～を忘れる"
border,国境地帯,"穀物, 気性, ～を避ける"
statistics,統計(学),"再検討, 奴隷, ～を無視する"
enterprise,企業、事業,"偏見, 傷, ～を忘れる"
context,文脈、状況,"負担, 離婚, ～を避ける"
load,荷物,"わな、閉じ込められる、わなにかける, 曲, ～を無視する"
grain,穀物,"気性, 高さ、最盛期, ～を忘れる"
review,再検討,"奴隷, 学部、能力, ～を避ける"
prejudice,偏見,"傷, 期間, ～を無視する"
strain,負担,"離婚, 側面、要素、次元, ～を忘れる"
trap,わな、閉じ込められる、わなにかける,"曲, 型、…版、翻訳、説明, ～を避ける"
temper,気性,"高さ、最盛期, 類似(物)、匹敵するもの, ～を無視する"
slave,奴隷,"学部、能力, 地平線, ～を忘れる"
wound,傷,"期間, 知人, ～を避ける"
divorce,離婚,"側面、要素、次元, 重荷, ～を無視する"
tune,曲,"型、…版、翻訳、説明, 基礎、根拠、方式、やり方, ～を忘れる"
height,高さ、最盛期,"類似(物)、匹敵するもの, 毒, ～を避ける"
faculty,学部、能力,"地平線, 憲法, ～を無視する"
span,期間,"知人, 経営、行政, ～を忘れる"
dimension,側面、要素、次元,"重荷, 魅力, ～を避ける"
version,型、…版、翻訳、説明,"基礎、根拠、方式、やり方, 臓器、器官, ～を無視する"
parallel,類似(物)、匹敵するもの,"毒, 獲物、えじき, ～を忘れる"
horizon,地平線,"憲法, 冒険的事業, ～を避ける"
acquaintance,知人,"経営、行政, 使命、任務, ～を無視する"
burden,重荷,"魅力, 調査、質問、問い合わせ, ～を忘れる"
basis,基礎、根拠、方式、やり方,"臓器、器官, 賞, ～を避ける"
poison,毒,"獲物、えじき, 細長い一片, ～を無視する"
constitution,憲法,"冒険的事業, 苦しみ、悲嘆、苦難, ～を忘れる"
administration,経営、行政,"使命、任務, 循環、流通、発行部数, ～を避ける"
charm,魅力,"調査、質問、問い合わせ, 陰、日陰, ～を無視する"
organ,臓器、器官,"賞, 典型的なイメージ、類型、固定観念, ～を忘れる"
prey,獲物、えじき,"細長い一片, 依頼人, ～を避ける"
venture,冒険的事業,"苦しみ、悲嘆、苦難, 生産高, ～を無視する"
mission,使命、任務,"循環、流通、発行部数, 神, ～を忘れる"
inquiry,調査、質問、問い合わせ,"陰、日陰, 慣習、しきたり、会議、大会, ～を避ける"
award,賞,"典型的なイメージ、類型、固定観念, 鉱山, ～を無視する"
strip,細長い一片,"依頼人, 工芸、技術、巧みに作る, ～を忘れる"
distress,苦しみ、悲嘆、苦難,"生産高, 中心、核心, ～を避ける"
circulation,循環、流通、発行部数,"神, 脳卒中、発作、打撃、一撃、なでる, ～を無視する"
shade,陰、日陰,"慣習、しきたり、会議、大会, 国境, ～を忘れる"
stereotype,典型的なイメージ、類型、固定観念,"鉱山, 同僚、じっと見る, ～を避ける"
client,依頼人,"工芸、技術、巧みに作る, 血管、船、器, ～を無視する"
output,生産高,"中心、核心, 障害, ～を忘れる"
lord,神,"脳卒中、発作、打撃、一撃、なでる, 重力, ～を避ける"
convention,慣習、しきたり、会議、大会,"国境, 倫理(学), ～を無視する"
mine,鉱山,"同僚、じっと見る, 終点, ～を忘れる"
craft,工芸、技術、巧みに作る,"血管、船、器, 潮流、潮の干満, ～を避ける"
core,中心、核心,"障害, 虐待, ～を無視する"
stroke,脳卒中、発作、打撃、一撃、なでる,"重力, 有罪の、罪の意識がある, ～を忘れる"
frontier,国境,"倫理(学), きわめて重要な、必要な、活気のある, ～を避ける"
peer,同僚、じっと見る,"終点, 仲間の, ～を無視する"
vessel,血管、船、器,"潮流、潮の干満, 現代の, ～を忘れる"
disability,障害,"虐待, 年に１度の、１年間の, ～を避ける"
gravity,重力,"有罪の、罪の意識がある, 慣れた, ～を無視する"
ethic,倫理(学),"きわめて重要な、必要な、活気のある, しっかりした, ～を忘れる"
terminal,終点,"仲間の, 退屈させる, ～を避ける"
tide,潮流、潮の干満,"現代の, 熱望して、鋭い, ～を無視する"
abuse,虐待,"年に１度の、１年間の, ゆるい, ～を忘れる"
guilty,有罪の、罪の意識がある,"慣れた, 繊細な、微妙で難しい, ～を避ける"
vital,きわめて重要な、必要な、活気のある,"しっかりした, 内部の、国内の, ～を無視する"
fellow,仲間の,"退屈させる, 形式ばらない、気楽な, ～を忘れる"
contemporary,現代の,"熱望して、鋭い, 成熟した, ～を避ける"
annual,年に１度の、１年間の,"ゆるい, 具体的な, ～を無視する"
accustomed,慣れた,"繊細な、微妙で難しい, ひどい, ～を忘れる"
steady,しっかりした,"内部の、国内の, 疲れ切っている, ～を避ける"
dull,退屈させる,"形式ばらない、気楽な, 全面的な、全体的な, ～を無視する"
keen,熱望して、鋭い,"成熟した, 引き締まった、きつい, ～を忘れる"
loose,ゆるい,"具体的な, 最も重要な、主要な, ～を避ける"
delicate,繊細な、微妙で難しい,"ひどい, 本物の、真の、心からの, ～を無視する"
internal,内部の、国内の,"疲れ切っている, 控えめな、謙虚な、わずかな, ～を忘れる"
casual,形式ばらない、気楽な,"全面的な、全体的な, 親密な, ～を避ける"
mature,成熟した,"引き締まった、きつい, 最小限の, ～を無視する"
concrete,具体的な,"最も重要な、主要な, 高度な, ～を忘れる"
awful,ひどい,"本物の、真の、心からの, 後者の, ～を避ける"
exhausted,疲れ切っている,"控えめな、謙虚な、わずかな, 苦い、つらい、腹を立てた, ～を無視する"
overall,全面的な、全体的な,"親密な, 独特の、固有の, ～を忘れる"
tight,引き締まった、きつい,"最小限の, 受動的な、消極的な, ～を避ける"
prime,最も重要な、主要な,"高度な, 民族的な、民族の, ～を無視する"
genuine,本物の、真の、心からの,"後者の, 高貴な, ～を忘れる"
modest,控えめな、謙虚な、わずかな,"苦い、つらい、腹を立てた, むだな, ～を避ける"
intimate,親密な,"独特の、固有の, 無罪の、罪のない、無邪気な, ～を無視する"
minimum,最小限の,"受動的な、消極的な, 根本的な, ～を忘れる"
sophisticated,高度な,"民族的な、民族の, 外国の、異質な, ～を避ける"
latter,後者の,"高貴な, 関連のある, ～を無視する"
bitter,苦い、つらい、腹を立てた,"むだな, Ｖする傾向がある、Ｖしたい気がある, ～を忘れる"
peculiar,独特の、固有の,"無罪の、罪のない、無邪気な, 気まずい, ～を避ける"
passive,受動的な、消極的な,"根本的な, すばらしい, ～を無視する"
ethnic,民族的な、民族の,"外国の、異質な, 必死の, ～を忘れる"
noble,高貴な,"関連のある, さわやかな, ～を避ける"
vain,むだな,"Ｖする傾向がある、Ｖしたい気がある, とてもうれしい, ～を無視する"
innocent,無罪の、罪のない、無邪気な,"気まずい, 内側の, ～を忘れる"
underlying,根本的な,"すばらしい, 矛盾のない、一致した, ～を避ける"
alien,外国の、異質な,"必死の, 明白な、わかりやすい, ～を無視する"
relevant,関連のある,"さわやかな, 鮮やかな, ～を忘れる"
inclined,Ｖする傾向がある、Ｖしたい気がある,"とてもうれしい, 惨めな, ～を避ける"
awkward,気まずい,"内側の, 相当な、多大な, ～を無視する"
brilliant,すばらしい,"矛盾のない、一致した, Aが好きだ, ～を忘れる"
desperate,必死の,"明白な、わかりやすい, まちがいの, ～を避ける"
refreshing,さわやかな,"鮮やかな, 怠惰な, ～を無視する"
thrilled,とてもうれしい,"惨めな, 正確に、まさに、ちょうど, ～を忘れる"
inner,内側の,"相当な、多大な, その間に, ～を避ける"
consistent,矛盾のない、一致した,"Aが好きだ, 完全に, ～を無視する"
plain,明白な、わかりやすい,"まちがいの, 最近, ～を忘れる"
vivid,鮮やかな,"怠惰な, かろうじて, ～を避ける"
miserable,惨めな,"正確に、まさに、ちょうど, ほとんど～ない, ～を無視する"
substantial,相当な、多大な,"その間に, それ相応に, ～を忘れる"
fond,Aが好きだ,"完全に, わざと, ～を避ける"
FALSE,まちがいの,"最近, ～の下で, ～を無視する"
lazy,怠惰な,"かろうじて, ～だが一方, ～を忘れる"
precisely,正確に、まさに、ちょうど,"ほとんど～ない, ～を宣言する, ～を避ける"
meanwhile,その間に,"それ相応に, ～を変える, ～を無視する"
altogether,完全に,"わざと, 生じる, ～を忘れる"
lately,最近,"～の下で, 変える, ～を避ける"
barely,かろうじて,"～だが一方, ～を打ち負かす, ～を無視する"
scarcely,ほとんど～ない,"～を宣言する, ～を調査する, ～を忘れる"
accordingly,それ相応に,"～を変える, ～を見分ける, ～を避ける"
deliberately,わざと,"生じる, ～を埋める, ～を無視する"
beneath,～の下で,"変える, うまく対処する, ～を忘れる"
whereas,～だが一方,"～を打ち負かす, 起こる, ～を避ける"
declare,～を宣言する,"～を調査する, ～をやりとげる, ～を無視する"
alter,～を変える,"～を見分ける, ためらう, ～を忘れる"
arise,生じる,"～を埋める, ～に耐える, ～を避ける"
transform,変える,"うまく対処する, ～と結論づける, ～を無視する"
defeat,～を打ち負かす,"起こる, ～を保証する, ～を忘れる"
investigate,～を調査する,"～をやりとげる, ～を支配する, ～を避ける"
distinguish,～を見分ける,"ためらう, ～を裏付ける, ～を無視する"
bury,～を埋める,"～に耐える, ～にあいさつする, ～を忘れる"
cope,うまく対処する,"～と結論づける, ～を楽しませる, ～を避ける"
occur,起こる,"～を保証する, ～を守る, ～を無視する"
accomplish,～をやりとげる,"～を支配する, ～を禁じる, ～を忘れる"
hesitate,ためらう,"～を裏付ける, ～を放送する, ～を避ける"
endure,～に耐える,"～にあいさつする, ～を犠牲にする, ～を無視する"
conclude,～と結論づける,"～を楽しませる, ～を罰する, ～を忘れる"
guarantee,～を保証する,"～を守る, ちらりと見る, ～を避ける"
dominate,～を支配する,"～を禁じる, ～を保持する, ～を無視する"
confirm,～を裏付ける,"～を放送する, ～を計算する, ～を忘れる"
greet,～にあいさつする,"～を犠牲にする, 沈む, ～を避ける"
entertain,～を楽しませる,"～を罰する, ～を救助する, ～を無視する"
defend,～を守る,"ちらりと見る, ～と乞う, ～を忘れる"
forbid,～を禁じる,"～を保持する, 定義する, ～を避ける"
broadcast,～を放送する,"～を計算する, ～をだます, ～を無視する"
sacrifice,～を犠牲にする,"沈む, ～を伝える, ～を忘れる"
punish,～を罰する,"～を救助する, ～を維持する, ～を避ける"
glance,ちらりと見る,"～と乞う, ～を購入する, ～を無視する"
retain,～を保持する,"定義する, 薄れる, ～を忘れる"
calculate,～を計算する,"～をだます, ～を規制する, ～を避ける"
sinking,沈む,"～を伝える, ～を分配する, ～を無視する"
rescue,～を救助する,"～を維持する, ～を向上させる, ～を忘れる"
beg,～と乞う,"～を購入する, おしゃべりする, ～を避ける"
define,定義する,"薄れる, ～を超える, ～を無視する"
deceive,～をだます,"～を規制する, ～をふく, ～を忘れる"
convey,～を伝える,"～を分配する, 協力する, ～を避ける"
sustain,～を維持する,"～を向上させる, ～を受け継ぐ, ～を無視する"
purchase,～を購入する,"おしゃべりする, ～を団結させる, ～を忘れる"
fade,薄れる,"～を超える, 跳ぶ, ～を避ける"
regulate,～を規制する,"～をふく, ～を誇張する, ～を無視する"
distribute,～を分配する,"協力する, ～を征服する, ～を忘れる"
enhance,～を向上させる,"～を受け継ぐ, 溶ける, ～を避ける"
chat,おしゃべりする,"～を団結させる, ～に侵入する, ～を無視する"
exceed,～を超える,"跳ぶ, ～を修正する, ～を忘れる"
wipe,～をふく,"～を誇張する, ～をばらまく, ～を避ける"
cooperate,協力する,"～を征服する, ～を経験する, ～を無視する"
inherit,～を受け継ぐ,"溶ける, ～を評価する, ～を忘れる"
unite,～を団結させる,"～に侵入する, 身をかがめる, ～を避ける"
leap,跳ぶ,"～を修正する, 由来する, ～を無視する"
exaggerate,～を誇張する,"～をばらまく, 悲鳴をあげる, ～を忘れる"
conquer,～を征服する,"～を経験する, 見つめる, ～を避ける"
melt,溶ける,"～を評価する, 祈る, ～を無視する"
invade,～に侵入する,"身をかがめる, ～を磨く, ～を忘れる"
modify,～を修正する,"由来する, 分類する, ～を避ける"
scatter,～をばらまく,"悲鳴をあげる, ～と主張する, ～を無視する"
undergo,～を経験する,"見つめる, ～をつかむ, ～を忘れる"
evaluate,～を評価する,"祈る, ～を折りたたむ, ～を避ける"
bend,身をかがめる,"～を磨く, ～を掃く, ～を無視する"
derive,由来する,"分類する, ささやく, ～を忘れる"
screaming,悲鳴をあげる,"～と主張する, ～をまねる, ～を避ける"
gaze,見つめる,"～をつかむ, じっと見る, ～を無視する"
pray,祈る,"～を折りたたむ, ～を強調する, ～を忘れる"
polish,～を磨く,"～を掃く, ～を取り除く, ～を避ける"
classify,分類する,"ささやく, ～を注ぐ, ～を無視する"
assert,～と主張する,"～をまねる, 消える, ～を忘れる"
grab,～をつかむ,"じっと見る, ～を修復する, ～を避ける"
fold,～を折りたたむ,"～を強調する, 当然だ, ～を無視する"
sweep,～を掃く,"～を取り除く, 研究所, ～を忘れる"
whisper,ささやく,"～を注ぐ, 会議, ～を避ける"
imitate,～をまねる,"消える, 大陸, ～を無視する"
stare,じっと見る,"～を修復する, 保険, ～を忘れる"
emphasize,～を強調する,"当然だ, 乗組員たち, ～を避ける"
rid,～を取り除く,"研究所, 貧乏, ～を無視する"
pour,～を注ぐ,"会議, 不足, ～を忘れる"
vanish,消える,"大陸, 情勢, ～を避ける"
restore,～を修復する,"保険, 例外, ～を無視する"
deserve,当然だ,"乗組員たち, 賃金, ～を忘れる"
laboratory,研究所,"貧乏, 知恵, ～を避ける"
conference,会議,"不足, 税金, ～を無視する"
continent,大陸,"情勢, 進化, ～を忘れる"
insurance,保険,"例外, 壁, ～を避ける"
crew,乗組員たち,"賃金, 範ちゅう, ～を無視する"
poverty,貧乏,"知恵, 単位, ～を忘れる"
shortage,不足,"税金, 評判, ～を避ける"
affair,情勢,"進化, 美徳, ～を無視する"
exception,例外,"壁, 勇気, ～を忘れる"
wage,賃金,"範ちゅう, 同情, ～を避ける"
wisdom,知恵,"単位, 組合, ～を無視する"
tax,税金,"評判, 文明, ～を忘れる"
evolution,進化,"美徳, 冊, ～を避ける"
barrier,壁,"勇気, 花, ～を無視する"
category,範ちゅう,"同情, 時代, ～を忘れる"
unit,単位,"組合, 紛争, ～を避ける"
reputation,評判,"文明, 観光, ～を無視する"
virtue,美徳,"冊, 人類, ～を忘れる"
courage,勇気,"花, 殺人, ～を避ける"
sympathy,同情,"時代, 風景, ～を無視する"
union,組合,"紛争, 目的地, ～を忘れる"
civilization,文明,"観光, 話, ～を避ける"
volume,冊,"人類, 改革, ～を無視する"
blossom,花,"殺人, 筋肉, ～を忘れる"
era,時代,"風景, 見通し, ～を避ける"
dispute,紛争,"目的地, 企業, ～を無視する"
tourism,観光,"話, 植民地, ～を忘れる"
mankind,人類,"改革, 口論, ～を避ける"
murder,殺人,"筋肉, 職業, ～を無視する"
landscape,風景,"見通し, 側面, ～を忘れる"
destination,目的地,"企業, 休止, ～を避ける"
tale,話,"植民地, 対立, ～を無視する"
reform,改革,"口論, 特権, ～を忘れる"
muscle,筋肉,"職業, 繁栄, ～を避ける"
prospect,見通し,"側面, 天才, ～を無視する"
corporation,企業,"休止, 種, ～を忘れる"
colony,植民地,"対立, 症状, ～を避ける"
quarrel,口論,"特権, 長所, ～を無視する"
profession,職業,"繁栄, 層, ～を忘れる"
aspect,側面,"天才, 手がかり, ～を避ける"
pause,休止,"種, 状況, ～を無視する"
conflict,対立,"症状, 地区, ～を忘れる"
privilege,特権,"長所, 刑務所, ～を避ける"
prosperity,繁栄,"層, 仲間, ～を無視する"
genius,天才,"手がかり, 重役, ～を忘れる"
seed,種,"状況, 正義, ～を避ける"
symptom,症状,"地区, 手続き, ～を無視する"
merit,長所,"刑務所, 光線, ～を忘れる"
layer,層,"仲間, 天国, ～を避ける"
clue,手がかり,"重役, 贅沢, ～を無視する"
circumstances,状況,"正義, 酸素, ～を忘れる"
district,地区,"手続き, 資金, ～を避ける"
prison,刑務所,"光線, 主題、テーマ, ～を無視する"
companion,仲間,"天国, 境界, ～を忘れる"
executive,重役,"贅沢, 熱望, ～を避ける"
Justice,正義,"酸素, 予報, ～を無視する"
procedure,手続き,"資金, 心理学, ～を忘れる"
ray,光線,"主題、テーマ, 労働, ～を避ける"
heaven,天国,"境界, 委員会, ～を無視する"
luxury,贅沢,"熱望, 医者, ～を忘れる"
oxygen,酸素,"予報, 哲学, ～を避ける"
fund,資金,"心理学, 愛情, ～を無視する"
theme,主題、テーマ,"労働, 候補, ～を忘れる"
boundary,境界,"委員会, 爆弾, ～を避ける"
ambition,熱望,"医者, 優先, ～を無視する"
forecast,予報,"哲学, 障害, ～を忘れる"
psychology,心理学,"愛情, 食欲, ～を避ける"
labor,労働,"候補, 緊張, ～を無視する"
committee,委員会,"爆弾, 部族, ～を忘れる"
physician,医者,"優先, 予算, ～を避ける"
philosophy,哲学,"障害, 運動、キャンペーン, ～を無視する"
affection,愛情,"食欲, 悲しみ, ～を忘れる"
candidate,候補,"緊張, 衛星, ～を避ける"
bomb,爆弾,"部族, 洞察, ～を無視する"
priority,優先,"予算, せき, ～を忘れる"
obstacle,障害,"運動、キャンペーン, 運命, ～を避ける"
appetite,食欲,"悲しみ, 計画, ～を無視する"
tension,緊張,"衛星, 侮辱, ～を忘れる"
tribe,部族,"洞察, 住民, ～を避ける"
budget,予算,"せき, 化石, ～を無視する"
campaign,運動、キャンペーン,"運命, 動機, ～を忘れる"
sorrow,悲しみ,"計画, 本能, ～を避ける"
satellite,衛星,"侮辱, 伝説, ～を無視する"
insight,洞察,"住民, 帝国, ～を忘れる"
cough,せき,"化石, 郊外, ～を避ける"
fate,運命,"動機, 建築, ～を無視する"
scheme,計画,"本能, 情熱, ～を忘れる"
insult,侮辱,"伝説, ガン, ～を避ける"
inhabitant,住民,"帝国, 論理, ～を無視する"
fossil,化石,"郊外, ダース, ～を忘れる"
motive,動機,"建築, 収穫, ～を避ける"
instinct,本能,"情熱, 材料, ～を無視する"
legend,伝説,"ガン, 仮説, ～を忘れる"
empire,帝国,"論理, 航海, ～を避ける"
suburb,郊外,"ダース, 編集者, ～を無視する"
architecture,建築,"収穫, 選択の自由, ～を忘れる"
passion,情熱,"材料, 半球, ～を避ける"
cancer,ガン,"仮説, 仕組み, ～を無視する"
logic,論理,"航海, 人類学者, ～を忘れる"
dozen,ダース,"編集者, 悲劇, ～を避ける"
harvest,収穫,"選択の自由, 抗生物質, ～を無視する"
ingredient,材料,"半球, 運賃, ～を忘れる"
hypothesis,仮説,"仕組み, 借金, ～を避ける"
voyage,航海,"人類学者, 教育課程, ～を無視する"
editor,編集者,"悲劇, 構成要素, ～を忘れる"
option,選択の自由,"抗生物質, 小麦, ～を避ける"
hemisphere,半球,"運賃, 語法, ～を無視する"
mechanism,仕組み,"借金, 城, ～を忘れる"
anthropologist,人類学者,"教育課程, 飢饉, ～を避ける"
tragedy,悲劇,"構成要素, 絶滅, ～を無視する"
antibiotic,抗生物質,"小麦, 財布, ～を忘れる"
fare,運賃,"語法, 民族, ～を避ける"
debt,借金,"城, 爆発, ～を無視する"
curriculum,教育課程,"飢饉, 部分, ～を忘れる"
component,構成要素,"絶滅, 生物, ～を避ける"
wheat,小麦,"財布, 商人, ～を無視する"
usage,語法,"民族, 神話, ～を忘れる"
castle,城,"爆発, 出来事, ～を避ける"
famine,飢饉,"部分, 野生生物, ～を無視する"
extinction,絶滅,"生物, 議会, ～を忘れる"
purse,財布,"商人, 湾, ～を避ける"
folk,民族,"神話, 刑, ～を無視する"
explosion,爆発,"出来事, 遺産, ～を忘れる"
portion,部分,"野生生物, 多様性, ～を避ける"
organism,生物,"議会, 親指, ～を無視する"
merchant,商人,"湾, 地理, ～を忘れる"
myth,神話,"刑, 要因, ～を避ける"
incident,出来事,"遺産, 差別, ～を無視する"
wildlife,野生生物,"多様性, ウイルス, ～を忘れる"
congress,議会,"親指, 像, ～を避ける"
bay,湾,"地理, 神父, ～を無視する"
penalty,刑,"要因, 先駆者, ～を忘れる"
heritage,遺産,"差別, 特徴, ～を避ける"
diversity,多様性,"ウイルス, きずな, ～を無視する"
thumb,親指,"像, 食料品, ～を忘れる"
geography,地理,"神父, 秘書, ～を避ける"
factor,要因,"先駆者, 方言, ～を無視する"
discrimination,差別,"特徴, 天文学, ～を忘れる"
virus,ウイルス,"きずな, 子供, ～を避ける"
statue,像,"食料品, 物質, ～を無視する"
priest,神父,"秘書, 発見, ～を忘れる"
pioneer,先駆者,"方言, 戦略, ～を避ける"
trait,特徴,"天文学, 肺, ～を無視する"
bond,きずな,"子供, 敵, ～を忘れる"
grocery,食料品,"物質, 儀式, ～を避ける"
secretary,秘書,"発見, 結果, ～を無視する"
dialect,方言,"戦略, 環境保護, ～を忘れる"
astronomy,天文学,"肺, 哺乳類, ～を避ける"
youngster,子供,"敵, 望遠鏡, ～を無視する"
substance,物質,"儀式, 難民, ～を忘れる"
finding,発見,"結果, 規則, ～を避ける"
strategy,戦略,"環境保護, 風味, ～を無視する"
lung,肺,"哺乳類, 粒子, ～を忘れる"
opponent,敵,"望遠鏡, 看護, ～を避ける"
ritual,儀式,"難民, 自殺, ～を無視する"
outcome,結果,"規則, 生息地, ～を忘れる"
conservation,環境保護,"風味, いじめ, ～を避ける"
mammal,哺乳類,"粒子, 恐竜, ～を無視する"
telescope,望遠鏡,"看護, 議会, ～を忘れる"
refugee,難民,"自殺, 性別, ～を避ける"
code,規則,"生息地, 手術, ～を無視する"
flavor,風味,"いじめ, 革新, ～を忘れる"
particle,粒子,"恐竜, タンパク質, ～を避ける"
nursing,看護,"議会, 栄養, ～を無視する"
suicide,自殺,"性別, 災害, ～を忘れる"
habitat,生息地,"手術, 排出, ～を避ける"
bullying,いじめ,"革新, 類人猿, ～を無視する"
dinosaur,恐竜,"タンパク質, 分子, ～を忘れる"
council,議会,"栄養, 汗, ～を避ける"
gender,性別,"災害, 移植, ～を無視する"
surgery,手術,"排出, 種, ～を忘れる"
innovation,革新,"類人猿, 先, ～を避ける"
protein,タンパク質,"分子, 牛, ～を無視する"
nutrition,栄養,"汗, 密度, ～を忘れる"
disaster,災害,"移植, 概念, ～を避ける"
emission,排出,"種, 青白い, ～を無視する"
ape,類人猿,"先, 貴重な, ～を忘れる"
molecule,分子,"牛, 忠実な, ～を避ける"
sweat,汗,"密度, 孤立している, ～を無視する"
transplant,移植,"概念, 気前のよい, ～を忘れる"
species,種,"青白い, 熱帯, ～を避ける"
tip,先,"貴重な, したがらない, ～を無視する"
cattle,牛,"忠実な, 漠然とした, ～を忘れる"
density,密度,"孤立している, 広大な, ～を避ける"
concept,概念,"気前のよい, たくさんの, ～を無視する"
pale,青白い,"熱帯, 田舎の, ～を忘れる"
precious,貴重な,"したがらない, 広まっている, ～を避ける"
loyal,忠実な,"漠然とした, 複雑な, ～を無視する"
isolated,孤立している,"広大な, 目に見える, ～を忘れる"
generous,気前のよい,"たくさんの, 生の, ～を避ける"
tropical,熱帯,"田舎の, へんぴな, ～を無視する"
reluctant,したがらない,"広まっている, 緊急の, ～を忘れる"
vague,漠然とした,"複雑な, ばかな, ～を避ける"
vast,広大な,"目に見える, いちじるしい, ～を無視する"
numerous,たくさんの,"生の, 十分な, ～を忘れる"
rural,田舎の,"へんぴな, 並外れた, ～を避ける"
widespread,広まっている,"緊急の, おかしな, ～を無視する"
complicated,複雑な,"ばかな, 抽象的な, ～を忘れる"
visible,目に見える,"いちじるしい, 相互の, ～を避ける"
raw,生の,"十分な, 過度の, ～を無視する"
remote,へんぴな,"並外れた, 恥ずかしい, ～を忘れる"
urgent,緊急の,"おかしな, とてつもない, ～を避ける"
silly,ばかな,"抽象的な, 避けられない, ～を無視する"
striking,いちじるしい,"相互の, 純, ～を忘れる"
adequate,十分な,"過度の, 安定した, ～を避ける"
extraordinary,並外れた,"恥ずかしい, 無関心だ, ～を無視する"
odd,おかしな,"とてつもない, 攻撃的な, ～を忘れる"
abstract,抽象的な,"避けられない, 究極の, ～を避ける"
mutual,相互の,"純, 内気な, ～を無視する"
excessive,過度の,"安定した, 太陽, ～を忘れる"
ashamed,恥ずかしい,"無関心だ, 深い, ～を避ける"
tremendous,とてつもない,"攻撃的な, 微妙な, ～を無視する"
inevitable,避けられない,"究極の, 保守, ～を忘れる"
pure,純,"内気な, 勇敢な, ～を避ける"
stable,安定した,"太陽, 強烈な, ～を無視する"
indifferent,無関心だ,"深い, アルコールの, ～を忘れる"
aggressive,攻撃的な,"微妙な, 手を使う, ～を避ける"
ultimate,究極の,"保守, 残酷な, ～を無視する"
shy,内気な,"勇敢な, 理性的な, ～を忘れる"
solar,太陽,"強烈な, 最初の, ～を避ける"
profound,深い,"アルコールの, 免疫, ～を無視する"
subtle,微妙な,"手を使う, 言語の, ～を忘れる"
conservative,保守,"残酷な, 重大な, ～を避ける"
brave,勇敢な,"理性的な, 言葉による, ～を無視する"
intense,強烈な,"最初の, 楽観的な, ～を忘れる"
alcoholic,アルコールの,"免疫, 柔軟な, ～を避ける"
manual,手を使う,"言語の, 感謝している, ～を無視する"
cruel,残酷な,"重大な, 生き生きとした, ～を忘れる"
rational,理性的な,"言葉による, 圧倒的な, ～を避ける"
initial,最初の,"楽観的な, 豊富な, ～を無視する"
immune,免疫,"柔軟な, 利己的な, ～を忘れる"
linguistic,言語の,"感謝している, みにくい, ～を避ける"
crucial,重大な,"生き生きとした, 人種の, ～を無視する"
verbal,言葉による,"圧倒的な, 有名な, ～を忘れる"
optimistic,楽観的な,"豊富な, 物議を呼ぶ, ～を避ける"
flexible,柔軟な,"利己的な, 連邦の, ～を無視する"
grateful,感謝している,"みにくい, ばかげた, ～を忘れる"
lively,生き生きとした,"人種の, 架空の, ～を避ける"
overwhelming,圧倒的な,"有名な, 厳しい, ～を無視する"
abundant,豊富な,"物議を呼ぶ, 無作為な, ～を忘れる"
selfish,利己的な,"連邦の, 思春期の, ～を避ける"
ugly,みにくい,"ばかげた, 最新の, ～を無視する"
racial,人種の,"架空の, 自由主義の, ～を忘れる"
prominent,有名な,"厳しい, 前の, ～を避ける"
controversial,物議を呼ぶ,"無作為な, 適度な, ～を無視する"
federal,連邦の,"思春期の, 流ちょうな, ～を忘れる"
ridiculous,ばかげた,"最新の, 手の込んだ, ～を避ける"
imaginary,架空の,"自由主義の, 信じられない, ～を無視する"
harsh,厳しい,"前の, 根本的な, ～を忘れる"
random,無作為な,"適度な, 酸性の, ～を避ける"
adolescent,思春期の,"流ちょうな, 耳が不自由な, ～を無視する"
up-to-date,最新の,"手の込んだ, 中世の, ～を忘れる"
liberal,自由主義の,"信じられない, 生態, ～を避ける"
prior,前の,"根本的な, 少しの, ～を無視する"
moderate,適度な,"酸性の, 無知な, ～を忘れる"
fluent,流ちょうな,"耳が不自由な, 認知, ～を避ける"
elaborate,手の込んだ,"中世の, 絶対に, ～を無視する"
incredible,信じられない,"生態, ほとんど, ～を忘れる"
radical,根本的な,"少しの, 多少, ～を避ける"
acid,酸性の,"無知な, 単に, ～を無視する"
deaf,耳が不自由な,"認知, 文字通り, ～を忘れる"
medieval,中世の,"絶対に, 一見, ～を避ける"
ecological,生態,"ほとんど, 関係なく, ～を無視する"
slight,少しの,"多少, 徹底的に, ～を忘れる"
ignorant,無知な,"単に, Aに服従する、提出する, ～を避ける"
cognitive,認知,"文字通り, 誘惑する、する気にさせる, ～を無視する"
absolutely,絶対に,"一見, 辞職する, ～を忘れる"
virtually,ほとんど,"関係なく, 従う, ～を避ける"
somewhat,多少,"徹底的に, 限定する, ～を無視する"
merely,単に,"Aに服従する、提出する, 組み立てる, ～を忘れる"
literally,文字通り,"誘惑する、する気にさせる, ささげる, ～を避ける"
seemingly,一見,"辞職する, 主張する, ～を無視する"
regardless,関係なく,"従う, 繁栄する, ～を忘れる"
thoroughly,徹底的に,"限定する, 引き起こす, ～を避ける"
submit,Aに服従する、提出する,"組み立てる, 命じる、要求する、決定する, ～を無視する"
tempt,誘惑する、する気にさせる,"ささげる, 利用する、開発する, ～を忘れる"
resign,辞職する,"主張する, 降伏する, ～を避ける"
conform,従う,"繁栄する, 再生する、複製する、繁殖する[させる], ～を無視する"
confine,限定する,"引き起こす, 認める, ～を忘れる"
assemble,組み立てる,"命じる、要求する、決定する, ふくらむ, ～を避ける"
dedicate,ささげる,"利用する、開発する, 落とす, ～を無視する"
advocate,主張する,"降伏する, 曲がる, ～を忘れる"
thrive,繁栄する,"再生する、複製する、繁殖する[させる], 引き合いに出す, ～を避ける"
provoke,引き起こす,"認める, 消化する, ～を無視する"
dictate,命じる、要求する、決定する,"ふくらむ, とばす、抜かす, ～を忘れる"
exploit,利用する、開発する,"落とす, 縛る、束縛する, ～を避ける"
surrender,降伏する,"曲がる, 溶解する, ～を無視する"
reproduce,再生する、複製する、繁殖する[させる],"引き合いに出す, 実行する, ～を忘れる"
acknowledge,認める,"消化する, 操縦する, ～を避ける"
swell,ふくらむ,"とばす、抜かす, 祝福する, ～を無視する"
shed,落とす,"縛る、束縛する, 指定する, ～を忘れる"
wind,曲がる,"溶解する, 破る、違反する, ～を避ける"
cite,引き合いに出す,"実行する, 推定する、思う, ～を無視する"
digest,消化する,"操縦する, （新人を）入れる, ～を忘れる"
skip,とばす、抜かす,"祝福する, 同時に起きる、重なる, ～を避ける"
bind,縛る、束縛する,"指定する, 施行する, ～を無視する"
dissolve,溶解する,"破る、違反する, とってかわる、故郷から追い出す, ～を忘れる"
implement,実行する,"推定する、思う, 縮む、縮ませる、減る, ～を避ける"
steer,操縦する,"（新人を）入れる, 裏切る、もらす, ～を無視する"
congratulate,祝福する,"同時に起きる、重なる, 構成される、構成する、占める, ～を忘れる"
designate,指定する,"施行する, ふける, ～を避ける"
violate,破る、違反する,"とってかわる、故郷から追い出す, 入り込む, ～を無視する"
presume,推定する、思う,"縮む、縮ませる、減る, 壊滅させる, ～を忘れる"
recruit,（新人を）入れる,"裏切る、もらす, 突っ込む, ～を避ける"
coincide,同時に起きる、重なる,"構成される、構成する、占める, はね返る, ～を無視する"
enforce,施行する,"ふける, 矛盾する, ～を忘れる"
displace,とってかわる、故郷から追い出す,"入り込む, 処方する, ～を避ける"
shrink,縮む、縮ませる、減る,"壊滅させる, しいたげる, ～を無視する"
betray,裏切る、もらす,"突っ込む, 胸に抱く, ～を忘れる"
comprise,構成される、構成する、占める,"はね返る, 照らす、解明する, ～を避ける"
indulge,ふける,"矛盾する, きっかけになる, ～を無視する"
penetrate,入り込む,"処方する, 通勤する、通学する, ～を忘れる"
devastate,壊滅させる,"しいたげる, 誘う, ～を避ける"
plunge,突っ込む,"胸に抱く, 利用する, ～を無視する"
bounce,はね返る,"照らす、解明する, ポキンと折れる、ポキンと折る, ～を忘れる"
contradict,矛盾する,"きっかけになる, 提供する, ～を避ける"
prescribe,処方する,"通勤する、通学する, （卵?ヒナ）かえす、かえる, ～を無視する"
oppress,しいたげる,"誘う, 囲む, ～を忘れる"
cherish,胸に抱く,"利用する, 普及している、広まる, ～を避ける"
illuminate,照らす、解明する,"ポキンと折れる、ポキンと折る, ため息をつく, ～を無視する"
trigger,きっかけになる,"提供する, 漏れる、漏らす, ～を忘れる"
commute,通勤する、通学する,"（卵?ヒナ）かえす、かえる, 強制する, ～を避ける"
induce,誘う,"囲む, 押しつぶす, ～を無視する"
utilize,利用する,"普及している、広まる, 理解する, ～を忘れる"
snap,ポキンと折れる、ポキンと折る,"ため息をつく, 交渉する, ～を避ける"
donate,提供する,"漏れる、漏らす, 持続する、残る, ～を無視する"
hatch,（卵?ヒナ）かえす、かえる,"強制する, 増やす、増える、掛ける, ～を忘れる"
enclose,囲む,"押しつぶす, 想像する, ～を避ける"
prevail,普及している、広まる,"理解する, 埋め合わせる, ～を無視する"
sigh,ため息をつく,"交渉する, 中止する、つるす, ～を忘れる"
leak,漏れる、漏らす,"持続する、残る, かきたてる, ～を避ける"
compel,強制する,"増やす、増える、掛ける, 浸す、びしょぬれにする、吸収する, ～を無視する"
crush,押しつぶす,"想像する, 洗練する、磨きをかける, ～を忘れる"
comprehend,理解する,"埋め合わせる, 刺激する、かき立てる, ～を避ける"
negotiate,交渉する,"中止する、つるす, 先行する, ～を無視する"
persist,持続する、残る,"かきたてる, OをCにする、変える, ～を忘れる"
multiply,増やす、増える、掛ける,"浸す、びしょぬれにする、吸収する, すえつける、乗る, ～を避ける"
conceive,想像する,"洗練する、磨きをかける, 退く, ～を無視する"
compensate,埋め合わせる,"刺激する、かき立てる, 驚かせる, ～を忘れる"
suspend,中止する、つるす,"先行する, する勇気がある, ～を避ける"
stir,かきたてる,"OをCにする、変える, 領域、範囲, ～を無視する"
soak,浸す、びしょぬれにする、吸収する,"すえつける、乗る, 連続、順番、順序, ～を忘れる"
refine,洗練する、磨きをかける,"退く, 預金、頭金、堆積物, ～を避ける"
arouse,刺激する、かき立てる,"驚かせる, 世論調査、投票, ～を無視する"
precede,先行する,"する勇気がある, 用心, ～を忘れる"
render,OをCにする、変える,"領域、範囲, 激怒、怒り, ～を避ける"
mount,すえつける、乗る,"連続、順番、順序, 式、公式、方法、秘訣、解決策, ～を無視する"
retreat,退く,"預金、頭金、堆積物, 筋、たくらみ、陰謀, ～を忘れる"
startle,驚かせる,"世論調査、投票, 範囲, ～を避ける"
dare,する勇気がある,"用心, 規範, ～を無視する"
sphere,領域、範囲,"激怒、怒り, 嫌悪, ～を忘れる"
sequence,連続、順番、順序,"式、公式、方法、秘訣、解決策, 妥協, ～を避ける"
deposit,預金、頭金、堆積物,"筋、たくらみ、陰謀, 監督者, ～を無視する"
poll,世論調査、投票,"範囲, 逆説, ～を忘れる"
caution,用心,"規範, （生物の）組織；ティッシュペーパー, ～を避ける"
rage,激怒、怒り,"嫌悪, 崩壊, ～を無視する"
formula,式、公式、方法、秘訣、解決策,"妥協, 構想、主導権、, ～を忘れる"
plot,筋、たくらみ、陰謀,"監督者, 織物、布, ～を避ける"
scope,範囲,"逆説, 宣伝、広告, ～を無視する"
norm,規範,"（生物の）組織；ティッシュペーパー, 頂上、頂点、首脳会議, ～を忘れる"
disgust,嫌悪,"崩壊, 群れ, ～を避ける"
compromise,妥協,"構想、主導権、, 疫病, ～を無視する"
supervisor,監督者,"織物、布, 急ぐこと, ～を忘れる"
paradox,逆説,"宣伝、広告, うたた寝, ～を避ける"
tissue,（生物の）組織；ティッシュペーパー,"頂上、頂点、首脳会議, 同盟国, ～を無視する"
breakdown,崩壊,"群れ, 下書き、草稿, ～を忘れる"
Initiative,構想、主導権、,"疫病, 光景, ～を避ける"
fabric,織物、布,"急ぐこと, 前提, ～を無視する"
publicity,宣伝、広告,"うたた寝, 財産, ～を忘れる"
summit,頂上、頂点、首脳会議,"同盟国, 遅れ, ～を避ける"
flock,群れ,"下書き、草稿, 療法、治療法, ～を無視する"
plague,疫病,"光景, もてなし, ～を忘れる"
haste,急ぐこと,"前提, 化合物, ～を避ける"
nap,うたた寝,"財産, ありがたいもの、恵み, ～を無視する"
ally,同盟国,"遅れ, 感覚、感じ, ～を忘れる"
draft,下書き、草稿,"療法、治療法, 不景気、不況, ～を避ける"
spectacle,光景,"もてなし, 棒、極, ～を無視する"
premise,前提,"化合物, 態度、考え方、見通し、見込み, ～を忘れる"
asset,財産,"ありがたいもの、恵み, 活動, ～を避ける"
lag,遅れ,"感覚、感じ, 慈悲、情け, ～を無視する"
therapy,療法、治療法,"不景気、不況, 相当するもの, ～を忘れる"
reception,もてなし,"棒、極, 期間、討論, ～を避ける"
compound,化合物,"態度、考え方、見通し、見込み, 変動範囲、領域, ～を無視する"
blessing,ありがたいもの、恵み,"活動, くず、がらくた, ～を忘れる"
sensation,感覚、感じ,"慈悲、情け, 崇拝, ～を避ける"
recession,不景気、不況,"相当するもの, しがちである、する傾向がある, ～を無視する"
pole,棒、極,"期間、討論, 謙虚な、粗末な, ～を忘れる"
outlook,態度、考え方、見通し、見込み,"変動範囲、領域, 得る権利がある、題された, ～を避ける"
endeavor,活動,"くず、がらくた, 妥当な、正当な, ～を無視する"
mercy,慈悲、情け,"崇拝, かすかな, ～を忘れる"
counterpart,相当するもの,"しがちである、する傾向がある, 堅い, ～を避ける"
session,期間、討論,"謙虚な、粗末な, わかりにくい, ～を無視する"
spectrum,変動範囲、領域,"得る権利がある、題された, 激しい, ～を忘れる"
junk,くず、がらくた,"妥当な、正当な, （問題が）深刻な、（感覚・痛みが）鋭い, ～を避ける"
worship,崇拝,"かすかな, （仕事がなくて）何もしていない, ～を無視する"
apt,しがちである、する傾向がある,"堅い, 粗末な、粗野な, ～を忘れる"
humble,謙虚な、粗末な,"わかりにくい, 嫉妬深い、羨ましい, ～を避ける"
entitled,得る権利がある、題された,"激しい, 妊娠している, ～を無視する"
valid,妥当な、正当な,"（問題が）深刻な、（感覚・痛みが）鋭い, しがちである、可能性が高い, ～を忘れる"
faint,かすかな,"（仕事がなくて）何もしていない, 頑固な, ～を避ける"
stiff,堅い,"粗末な、粗野な, まともな, ～を無視する"
obscure,わかりにくい,"嫉妬深い、羨ましい, 驚くべき, ～を忘れる"
fierce,激しい,"妊娠している, 誤解を招く, ～を避ける"
acute,（問題が）深刻な、（感覚・痛みが）鋭い,"しがちである、可能性が高い, 合成の, ～を無視する"
idle,（仕事がなくて）何もしていない,"頑固な, クラシックの, ～を忘れる"
crude,粗末な、粗野な,"まともな, イスラム教の, ～を避ける"
jealous,嫉妬深い、羨ましい,"驚くべき, 予想する, ～を無視する"
pregnant,妊娠している,"誤解を招く, こする, ～を忘れる"
liable,しがちである、可能性が高い,"合成の, 処理する, ～を避ける"
stubborn,頑固な,"クラシックの, 控える, ～を無視する"
decent,まともな,"イスラム教の, 蓄積する, ～を忘れる"
marvelous,驚くべき,"予想する, 活気づける, ～を避ける"
misleading,誤解を招く,"こする, 引きずる, ～を無視する"
synthetic,合成の,"処理する, 修正する, ～を忘れる"
classical,クラシックの,"控える, かく, ～を避ける"
Muslim,イスラム教の,"蓄積する, ほえる, ～を無視する"
anticipate,予想する,"活気づける, 引用する, ～を忘れる"
rub,こする,"引きずる, 咲く, ～を避ける"
dispose,処理する,"修正する, 差し込む, ～を無視する"
refrain,控える,"かく, 待つ, ～を忘れる"
accumulate,蓄積する,"ほえる, 恐れる, ～を避ける"
boost,活気づける,"引用する, 隠す, ～を無視する"
drag,引きずる,"咲く, 豊かにする, ～を忘れる"
revise,修正する,"差し込む, 固執する, ～を避ける"
scratch,かく,"待つ, まさる, ～を無視する"
roar,ほえる,"恐れる, 抑える, ～を忘れる"
quote,引用する,"隠す, 描く, ～を避ける"
bloom,咲く,"豊かにする, 急上昇する, ～を無視する"
insert,差し込む,"固執する, 排出する, ～を忘れる"
awaiting,待つ,"まさる, ボーッと光る, ～を避ける"
dread,恐れる,"抑える, 移住する, ～を無視する"
conceal,隠す,"描く, 叫ぶ, ～を忘れる"
enrich,豊かにする,"急上昇する, 及ぼす, ～を避ける"
cling,固執する,"排出する, 隠す, ～を無視する"
surpass,まさる,"ボーッと光る, 加速する, ～を忘れる"
suppress,抑える,"移住する, 住む, ～を避ける"
portray,描く,"叫ぶ, 融けこませる, ～を無視する"
soaring,急上昇する,"及ぼす, 泣く, ～を忘れる"
drain,排出する,"隠す, 安心させる, ～を避ける"
glow,ボーッと光る,"加速する, はって進む, ～を無視する"
migrate,移住する,"住む, 抑制する, ～を忘れる"
exclaim,叫ぶ,"融けこませる, 腹を立てる, ～を避ける"
exert,及ぼす,"泣く, 大声で叫ぶ, ～を無視する"
disguise,隠す,"安心させる, 評価する, ～を忘れる"
accelerate,加速する,"はって進む, 彫る, ～を避ける"
dwell,住む,"抑制する, 止める, ～を無視する"
integrate,融けこませる,"腹を立てる, 検査する, ～を忘れる"
weep,泣く,"大声で叫ぶ, 取り組む, ～を避ける"
reassure,安心させる,"評価する, 省く, ～を無視する"
crawl,はって進む,"彫る, かむ, ～を忘れる"
restrain,抑制する,"止める, 再開する, ～を避ける"
resent,腹を立てる,"検査する, 作る, ～を無視する"
yell,大声で叫ぶ,"取り組む, 収容できる, ～を忘れる"
assess,評価する,"省く, 消す, ～を避ける"
carve,彫る,"かむ, 推量する, ～を無視する"
halt,止める,"再開する, 生き返らせる, ～を忘れる"
inspect,検査する,"作る, 考える, ～を避ける"
tackle,取り組む,"収容できる, 回転する, ～を無視する"
omit,省く,"消す, かき乱す, ～を忘れる"
chew,かむ,"推量する, 進路を決める, ～を避ける"
resume,再開する,"生き返らせる, 痛む, ～を無視する"
mold,作る,"考える, 捨てる, ～を忘れる"
accommodate,収容できる,"回転する, 取り入れる, ～を避ける"
erase,消す,"かき乱す, 追い越す, ～を無視する"
inferred,推量する,"進路を決める, 補う, ～を忘れる"
revive,生き返らせる,"痛む, 操作する, ～を避ける"
contemplate,考える,"捨てる, 養う, ～を無視する"
rotate,回転する,"取り入れる, しぼる, ～を忘れる"
disrupt,かき乱す,"追い越す, 描く, ～を避ける"
navigate,進路を決める,"補う, そらす, ～を無視する"
ache,痛む,"操作する, 暴露する, ～を忘れる"
discard,捨てる,"養う, 入学する, ～を避ける"
incorporate,取り入れる,"しぼる, 育てる, ～を無視する"
overtake,追い越す,"描く, 推測する, ～を忘れる"
supplement,補う,"そらす, 延ばす, ～を避ける"
manipulate,操作する,"暴露する, 処刑する, ～を無視する"
nourish,養う,"入学する, 明らかにする, ～を忘れる"
squeeze,しぼる,"育てる, 震える, ～を避ける"
depict,描く,"推測する, つかむ, ～を無視する"
distract,そらす,"延ばす, 廃止する, ～を忘れる"
disclose,暴露する,"処刑する, しかる, ～を避ける"
enroll,入学する,"明らかにする, 達成する, ～を無視する"
nurture,育てる,"震える, 発する, ～を忘れる"
speculate,推測する,"つかむ, 逃げる, ～を避ける"
prolong,延ばす,"廃止する, 怒らせる, ～を無視する"
execute,処刑する,"しかる, 告白する, ～を忘れる"
uncover,明らかにする,"達成する, 延期する, ～を避ける"
tremble,震える,"発する, 漂う, ～を無視する"
seize,つかむ,"逃げる, 織る, ～を忘れる"
abolish,廃止する,"怒らせる, 備えつける, ～を避ける"
scold,しかる,"告白する, ねじ曲げる, ～を無視する"
attain,達成する,"延期する, 取り出す, ～を忘れる"
utter,発する,"漂う, ぶつかる, ～を避ける"
flee,逃げる,"織る, 軽蔑する, ～を無視する"
offending,怒らせる,"備えつける, 我慢する, ～を忘れる"
confess,告白する,"ねじ曲げる, 自慢する, ～を避ける"
postpone,延期する,"取り出す, 栄えている, ～を無視する"
drift,漂う,"ぶつかる, 無視する, ～を忘れる"
weave,織る,"軽蔑する, からかう, ～を避ける"
install,備えつける,"我慢する, 強める, ～を無視する"
twist,ねじ曲げる,"自慢する, 努力する, ～を忘れる"
extract,取り出す,"栄えている, 合わせる, ～を避ける"
bump,ぶつかる,"無視する, あくびをする, ～を無視する"
despise,軽蔑する,"からかう, 抱きしめる, ～を忘れる"
tolerate,我慢する,"強める, 戦う, ～を避ける"
boast,自慢する,"努力する, 編む, ～を無視する"
flourishing,栄えている,"合わせる, 疲労, ～を忘れる"
disregard,無視する,"あくびをする, 名声, ～を避ける"
tease,からかう,"抱きしめる, めちゃくちゃ, ～を無視する"
reinforce,強める,"戦う, 尊厳, ～を忘れる"
strive,努力する,"編む, 運河, ～を避ける"
coordinate,合わせる,"疲労, 干ばつ, ～を無視する"
yawn,あくびをする,"名声, 絶望, ～を忘れる"
hug,抱きしめる,"めちゃくちゃ, 間隔, ～を避ける"
combat,戦う,"尊厳, 荷物, ～を無視する"
knit,編む,"運河, 代表して, ～を忘れる"
fatigue,疲労,"干ばつ, 衝動, ～を避ける"
fame,名声,"絶望, 破片, ～を無視する"
mess,めちゃくちゃ,"間隔, 野獣, ～を忘れる"
dignity,尊厳,"荷物, 迷信, ～を避ける"
canal,運河,"代表して, 幻想、錯覚, ～を無視する"
drought,干ばつ,"衝動, 糸, ～を忘れる"
despair,絶望,"破片, 摂取量, ～を避ける"
interval,間隔,"野獣, 宴会, ～を無視する"
luggage,荷物,"迷信, 移り変わり, ～を忘れる"
behalf,代表して,"幻想、錯覚, 悲惨さ, ～を避ける"
impulse,衝動,"糸, 放射線, ～を無視する"
debris,破片,"摂取量, 丸太, ～を忘れる"
beast,野獣,"宴会, 合意, ～を避ける"
superstition,迷信,"移り変わり, 行い, ～を無視する"
illusion,幻想、錯覚,"悲惨さ, ことわざ, ～を忘れる"
thread,糸,"放射線, ほめ言葉, ～を避ける"
intake,摂取量,"丸太, 炎, ～を無視する"
feast,宴会,"合意, 記念日, ～を忘れる"
transition,移り変わり,"行い, 良心, ～を避ける"
misery,悲惨さ,"ことわざ, 探検, ～を無視する"
radiation,放射線,"ほめ言葉, 子孫, ～を忘れる"
log,丸太,"炎, こづかい, ～を避ける"
consensus,合意,"記念日, 大見出し, ～を無視する"
deed,行い,"良心, 条約, ～を忘れる"
proverb,ことわざ,"探検, 記念碑, ～を避ける"
compliment,ほめ言葉,"子孫, 虫, ～を無視する"
flame,炎,"こづかい, 治療法, ～を忘れる"
anniversary,記念日,"大見出し, 百科事典, ～を避ける"
conscience,良心,"条約, ちらり, ～を無視する"
expedition,探検,"記念碑, 職員, ～を忘れる"
offspring,子孫,"虫, 勝利, ～を避ける"
allowance,こづかい,"治療法, 算数, ～を無視する"
headline,大見出し,"百科事典, 自尊心, ～を忘れる"
treaty,条約,"ちらり, 微生物, ～を避ける"
monument,記念碑,"職員, 可能性, ～を無視する"
worm,虫,"勝利, 混沌, ～を忘れる"
remedy,治療法,"算数, 運命, ～を避ける"
encyclopedia,百科事典,"自尊心, 直径, ～を無視する"
glimpse,ちらり,"微生物, 宝くじ, ～を忘れる"
personnel,職員,"可能性, みやげ物, ～を避ける"
triumph,勝利,"混沌, 小道, ～を無視する"
arithmetic,算数,"運命, 比率, ～を忘れる"
self-esteem,自尊心,"直径, 剣, ～を避ける"
microbe,微生物,"宝くじ, 笛, ～を無視する"
odds,可能性,"みやげ物, 感情, ～を忘れる"
chaos,混沌,"小道, 雑用, ～を避ける"
destiny,運命,"比率, 礼儀, ～を無視する"
diameter,直径,"剣, 市長, ～を忘れる"
lottery,宝くじ,"笛, 監視、見張り, ～を避ける"
souvenir,みやげ物,"感情, ごみ, ～を無視する"
trail,小道,"雑用, 名声, ～を忘れる"
ratio,比率,"礼儀, 本部、本社, ～を避ける"
sword,剣,"市長, 荒野, ～を無視する"
whistle,笛,"監視、見張り, 軌道, ～を忘れる"
sentiment,感情,"ごみ, 偏見, ～を避ける"
chore,雑用,"名声, 共和国, ～を無視する"
courtesy,礼儀,"本部、本社, 掘り出し物, ～を忘れる"
mayor,市長,"荒野, 領域, ～を避ける"
surveillance,監視、見張り,"軌道, 破片, ～を無視する"
trash,ごみ,"偏見, 星雲, ～を忘れる"
prestige,名声,"共和国, ひざ, ～を避ける"
headquarters,本部、本社,"掘り出し物, 締め切り, ～を無視する"
wilderness,荒野,"領域, 弾丸, ～を忘れる"
orbit,軌道,"破片, 歩行者, ～を避ける"
bias,偏見,"星雲, 機知, ～を無視する"
republic,共和国,"ひざ, 迷惑, ～を忘れる"
bargain,掘り出し物,"締め切り, 基準, ～を避ける"
domain,領域,"弾丸, 苦難, ～を無視する"
fragment,破片,"歩行者, 栄光, ～を忘れる"
galaxy,星雲,"機知, 歩道, ～を避ける"
lap,ひざ,"迷惑, 海軍, ～を無視する"
deadline,締め切り,"基準, 台本, ～を忘れる"
bullet,弾丸,"苦難, 年金, ～を避ける"
pedestrian,歩行者,"栄光, 州, ～を無視する"
wit,機知,"歩道, 余剰, ～を忘れる"
nuisance,迷惑,"海軍, 水分, ～を避ける"
criteria,基準,"台本, あて布, ～を無視する"
hardship,苦難,"年金, 高度、標高, ～を忘れる"
glory,栄光,"州, 温度計, ～を避ける"
pavement,歩道,"余剰, 授業料, ～を無視する"
navy,海軍,"水分, 軍隊, ～を忘れる"
script,台本,"あて布, 霊長類, ～を避ける"
pension,年金,"高度、標高, 欠陥, ～を無視する"
province,州,"温度計, 甥, ～を忘れる"
surplus,余剰,"授業料, 衣服、衣類, ～を避ける"
moisture,水分,"軍隊, 診断, ～を無視する"
patch,あて布,"霊長類, 商業, ～を忘れる"
altitude,高度、標高,"欠陥, 古代、古物, ～を避ける"
thermometer,温度計,"甥, ほんの一部, ～を無視する"
tuition,授業料,"衣服、衣類, 皮肉, ～を忘れる"
troop,軍隊,"診断, 悪夢, ～を避ける"
primate,霊長類,"商業, 欠陥, ～を無視する"
flaw,欠陥,"古代、古物, 証明書, ～を忘れる"
nephew,甥,"ほんの一部, 腐敗, ～を避ける"
garment,衣服、衣類,"皮肉, 浸食, ～を無視する"
diagnosis,診断,"悪夢, 秘けつ, ～を忘れる"
commerce,商業,"欠陥, 骨格, ～を避ける"
antiquity,古代、古物,"証明書, 優雅さ, ～を無視する"
fraction,ほんの一部,"腐敗, 名所, ～を忘れる"
irony,皮肉,"浸食, 認知症, ～を避ける"
nightmare,悪夢,"秘けつ, 肉, ～を無視する"
defect,欠陥,"骨格, 衝突、対立, ～を忘れる"
certificate,証明書,"優雅さ, 危険なもの, ～を避ける"
decay,腐敗,"名所, 墓, ～を無視する"
erosion,浸食,"認知症, 注射, ～を忘れる"
recipe,秘けつ,"肉, 飛躍的進歩, ～を避ける"
skeleton,骨格,"衝突、対立, 革, ～を無視する"
grace,優雅さ,"危険なもの, 宝石, ～を忘れる"
landmark,名所,"墓, 合図, ～を避ける"
dementia,認知症,"注射, 救急車, ～を無視する"
flesh,肉,"飛躍的進歩, 不動産, ～を忘れる"
collision,衝突、対立,"革, 商品, ～を避ける"
hazard,危険なもの,"宝石, 出発, ～を無視する"
tomb,墓,"合図, 段階, ～を忘れる"
injection,注射,"救急車, 泥棒, ～を避ける"
breakthrough,飛躍的進歩,"不動産, 聖, ～を無視する"
leather,革,"商品, 彫刻, ～を忘れる"
jewelry,宝石,"出発, 悲しみ, ～を避ける"
cue,合図,"段階, 車線, ～を無視する"
ambulance,救急車,"泥棒, 捕食動物, ～を忘れる"
estate,不動産,"聖, 流体, ～を避ける"
commodity,商品,"彫刻, はげみ, ～を無視する"
departure,出発,"悲しみ, 花嫁, ～を忘れる"
phase,段階,"車線, 介入, ～を避ける"
thief,泥棒,"捕食動物, 差, ～を無視する"
saint,聖,"流体, 伝記, ～を忘れる"
sculpture,彫刻,"はげみ, 同意, ～を避ける"
grief,悲しみ,"花嫁, 火山, ～を無視する"
lane,車線,"介入, 反逆者, ～を忘れる"
predator,捕食動物,"差, 比喩, ～を避ける"
fluid,流体,"伝記, 法律, ～を無視する"
incentive,はげみ,"同意, 雷, ～を忘れる"
bride,花嫁,"火山, 殺虫剤, ～を避ける"
intervention,介入,"反逆者, コラム, ～を無視する"
margin,差,"比喩, うわさ, ～を忘れる"
biography,伝記,"法律, ほこり, ～を避ける"
consent,同意,"雷, 対話, ～を無視する"
volcano,火山,"殺虫剤, 幼稚園, ～を忘れる"
rebel,反逆者,"コラム, 糖尿病, ～を避ける"
metaphor,比喩,"うわさ, 肥満, ～を無視する"
legislation,法律,"ほこり, 特許, ～を忘れる"
lightning,雷,"対話, 章, ～を避ける"
pesticide,殺虫剤,"幼稚園, 宮殿, ～を無視する"
column,コラム,"糖尿病, 洗濯, ～を忘れる"
rumor,うわさ,"肥満, 病棟, ～を避ける"
dust,ほこり,"特許, ぼっ発, ～を無視する"
dialogue,対話,"章, 方程式, ～を忘れる"
kindergarten,幼稚園,"宮殿, 考古学者, ～を避ける"
diabetes,糖尿病,"洗濯, 腐敗, ～を無視する"
obesity,肥満,"病棟, 細菌, ～を忘れる"
patent,特許,"ぼっ発, 収入, ～を避ける"
chapter,章,"方程式, 配偶者, ～を無視する"
palace,宮殿,"考古学者, 流行, ～を忘れる"
laundry,洗濯,"腐敗, 死亡, ～を避ける"
ward,病棟,"細菌, 症候群, ～を無視する"
outbreak,ぼっ発,"収入, 小売り, ～を忘れる"
equation,方程式,"配偶者, 量, ～を避ける"
archaeologist,考古学者,"流行, 飲み物, ～を無視する"
corruption,腐敗,"死亡, 新陳代謝, ～を忘れる"
germ,細菌,"症候群, 交配種, ～を避ける"
revenue,収入,"小売り, 香り, ～を無視する"
spouse,配偶者,"量, 炎症, ～を忘れる"
epidemic,流行,"飲み物, 薬, ～を避ける"
mortality,死亡,"新陳代謝, 重大な, ～を無視する"
syndrome,症候群,"交配種, 肥えた, ～を忘れる"
retail,小売り,"香り, 反感を持つ, ～を避ける"
dose,量,"炎症, 不可欠な, ～を無視する"
beverage,飲み物,"薬, 志向の, ～を忘れる"
Metabolism,新陳代謝,"重大な, すばらしい, ～を避ける"
hybrid,交配種,"肥えた, 有能な, ～を無視する"
scent,香り,"反感を持つ, 最高の, ～を忘れる"
inflammation,炎症,"不可欠な, わかりやすい, ～を避ける"
pill,薬,"志向の, 聖, ～を無視する"
grave,重大な,"すばらしい, 大胆な, ～を忘れる"
fertile,肥えた,"有能な, 不安な, ～を避ける"
hostile,反感を持つ,"最高の, きちんとした, ～を無視する"
indispensable,不可欠な,"わかりやすい, 浅い, ～を忘れる"
oriented,志向の,"聖, 偽物の, ～を避ける"
splendid,すばらしい,"大胆な, 表面的な, ～を無視する"
competent,有能な,"不安な, ばかげた, ～を忘れる"
supreme,最高の,"きちんとした, 壊れやすい, ～を避ける"
straightforward,わかりやすい,"浅い, ちゃんとした, ～を無視する"
sacred,聖,"偽物の, すばらしい, ～を忘れる"
bold,大胆な,"表面的な, 無限の, ～を避ける"
uneasy,不安な,"ばかげた, 包括的な, ～を無視する"
neat,きちんとした,"壊れやすい, 険しい, ～を忘れる"
shallow,浅い,"ちゃんとした, 総, ～を避ける"
fake,偽物の,"すばらしい, 次に起こる, ～を無視する"
superficial,表面的な,"無限の, 心からの, ～を忘れる"
absurd,ばかげた,"包括的な, 有毒な, ～を避ける"
fragile,壊れやすい,"険しい, 中立の, ～を無視する"
respectable,ちゃんとした,"総, 勤勉な, ～を忘れる"
magnificent,すばらしい,"次に起こる, 痛い, ～を避ける"
infinite,無限の,"心からの, 汚染された, ～を無視する"
comprehensive,包括的な,"有毒な, あいまいな, ～を忘れる"
steep,険しい,"中立の, 口述の, ～を避ける"
gross,総,"勤勉な, 落ち着かない, ～を無視する"
subsequent,次に起こる,"痛い, 腐った, ～を忘れる"
sincere,心からの,"汚染された, 精力的な, ～を避ける"
toxic,有毒な,"あいまいな, 莫大な, ～を無視する"
neutral,中立の,"口述の, 大都市の, ～を忘れる"
diligent,勤勉な,"落ち着かない, 時間をきっちり守る, ～を避ける"
sore,痛い,"腐った, 孤独な, ～を無視する"
contaminated,汚染された,"精力的な, 集団, ～を忘れる"
ambiguous,あいまいな,"莫大な, 外交の, ～を避ける"
oral,口述の,"大都市の, 不快な, ～を無視する"
restless,落ち着かない,"時間をきっちり守る, 無力な, ～を忘れる"
rotten,腐った,"孤独な, 明確な、はっきりした, ～を避ける"
vigorous,精力的な,"集団, 破産した, ～を無視する"
immense,莫大な,"外交の, 永遠の, ～を忘れる"
metropolitan,大都市の,"不快な, 唯一の, ～を避ける"
punctual,時間をきっちり守る,"無力な, すっぱい, ～を無視する"
solitary,孤独な,"明確な、はっきりした, 注目すべき, ～を忘れる"
collective,集団,"破産した, 裕福な, ～を避ける"
diplomatic,外交の,"永遠の, 裸の, ～を無視する"
nasty,不快な,"唯一の, 発声, ～を忘れる"
helpless,無力な,"すっぱい, 女性の, ～を避ける"
explicit,明確な、はっきりした,"注目すべき, 空いている, ～を無視する"
bankrupt,破産した,"裕福な, 外来の, ～を忘れる"
eternal,永遠の,"裸の, 厳格な, ～を避ける"
sole,唯一の,"発声, 蒸し暑い, ～を無視する"
sour,すっぱい,"女性の, 傑出した, ～を忘れる"
notable,注目すべき,"空いている, 中毒である, ～を避ける"
affluent,裕福な,"外来の, 受けやすい, ～を無視する"
naked,裸の,"厳格な, 自然に起こる, ～を忘れる"
vocal,発声,"蒸し暑い, 貪欲な, ～を避ける"
feminine,女性の,"傑出した, ささいな, ～を無視する"
vacant,空いている,"中毒である, 一人当たりの, ～を忘れる"
exotic,外来の,"受けやすい, 元から伴う, ～を避ける"
rigid,厳格な,"自然に起こる, 前途有望な, ～を無視する"
humid,蒸し暑い,"貪欲な, 生理的な, ～を忘れる"
outstanding,傑出した,"ささいな, 臨床, ～を避ける"
addicted,中毒である,"一人当たりの, 慢性の, ～を無視する"
vulnerable,受けやすい,"元から伴う, 地質学的な, ～を忘れる"
spontaneous,自然に起こる,"前途有望な, 無数の, ～を避ける"
greedy,貪欲な,"生理的な, 先天的な, ～を無視する"
trivial,ささいな,"臨床, 用心する, ～を忘れる"
per capita,一人当たりの,"慢性の, 自動運転, ～を避ける"
inherent,元から伴う,"地質学的な, 同時に, ～を無視する"
promising,前途有望な,"無数の, まったく, ～を忘れる"
physiological,生理的な,"先天的な, 劇的に, ～を避ける"
clinical,臨床,"用心する, 必ずしも, ～を無視する"
chronic,慢性の,"自動運転, そうすることで, ～を忘れる"
geological,地質学的な,"同時に, 率直に, ～を避ける"
countless,無数の,"まったく, すなわち, ～を無視する"
innate,先天的な,"劇的に, だから, ～を忘れる"
alert,用心する,"必ずしも, 経由で, ～を避ける"
autonomous,自動運転,"そうすることで, のために, ～を無視する"
simultaneously,同時に,"率直に, 明らかにする, ～を忘れる"
utterly,まったく,"すなわち, 粉々に砕く, ～を避ける"
drastically,劇的に,"だから, 悲しむ, ～を無視する"
necessarily,必ずしも,"経由で, 呼ぶ, ～を忘れる"
thereby,そうすることで,"のために, 粉々にする, ～を避ける"
frankly,率直に,"明らかにする, 残る, ～を無視する"
namely,すなわち,"粉々に砕く, 嘆く, ～を忘れる"
hence,だから,"悲しむ, 恵まれる, ～を避ける"
via,経由で,"呼ぶ, 喜ぶ, ～を無視する"
owing,のために,"粉々にする, 配分する, ～を忘れる"
clarify,明らかにする,"残る, ピシャリと打つ, ～を避ける"
smash,粉々に砕く,"嘆く, 主張する, ～を無視する"
mourn,悲しむ,"恵まれる, 誓う, ～を忘れる"
summon,呼ぶ,"喜ぶ, 識別する, ～を避ける"
shatter,粉々にする,"配分する, 悪化させる, ～を無視する"
linger,残る,"ピシャリと打つ, 築く, ～を忘れる"
lament,嘆く,"主張する, 証言する, ～を避ける"
endowed,恵まれる,"誓う, 駆りたてる, ～を無視する"
rejoice,喜ぶ,"識別する, 歩き回る, ～を忘れる"
allocate,配分する,"悪化させる, まゆをひそめる, ～を避ける"
slap,ピシャリと打つ,"築く, 呼び込む, ～を無視する"
contend,主張する,"証言する, 逆らう, ～を忘れる"
swear,誓う,"駆りたてる, ぶらつく, ～を避ける"
discern,識別する,"歩き回る, がたがた鳴らす, ～を無視する"
degrade,悪化させる,"まゆをひそめる, 調和させる, ～を忘れる"
erect,築く,"呼び込む, ぼやかす, ～を避ける"
testify,証言する,"逆らう, なだめる, ～を無視する"
spur,駆りたてる,"ぶらつく, 低下させる, ～を忘れる"
roam,歩き回る,"がたがた鳴らす, 従う, ～を避ける"
frown,まゆをひそめる,"調和させる, 穴をあける, ～を無視する"
lure,呼び込む,"ぼやかす, つまずく, ～を忘れる"
defy,逆らう,"なだめる, さまたげる, ～を避ける"
stroll,ぶらつく,"低下させる, あざける, ～を無視する"
rattle,がたがた鳴らす,"従う, 具現する, ～を忘れる"
reconcile,調和させる,"穴をあける, 忍び寄る, ～を避ける"
blur,ぼやかす,"つまずく, 宣言する, ～を無視する"
soothe,なだめる,"さまたげる, 拍手する, ～を忘れる"
impair,低下させる,"あざける, 与える, ～を避ける"
comply,従う,"具現する, 合併する, ～を無視する"
pierce,穴をあける,"忍び寄る, 避難した, ～を忘れる"
stumble,つまずく,"宣言する, 元に戻る, ～を避ける"
hinder,さまたげる,"拍手する, 突く, ～を無視する"
mock,あざける,"与える, つきまとわれる, ～を忘れる"
embody,具現する,"合併する, 固く守る, ～を避ける"
stalk,忍び寄る,"避難した, まとめる, ～を無視する"
proclaim,宣言する,"元に戻る, しぼむ, ～を忘れる"
applaud,拍手する,"突く, びっくりさせる, ～を避ける"
inflict,与える,"つきまとわれる, のどがつまる, ～を無視する"
merge,合併する,"固く守る, 悪化する, ～を忘れる"
evacuated,避難した,"まとめる, 捨てる, ～を避ける"
undone,元に戻る,"しぼむ, つぶやく, ～を無視する"
poke,突く,"びっくりさせる, 削除する, ～を忘れる"
haunted,つきまとわれる,"のどがつまる, 阻害する, ～を避ける"
adhere,固く守る,"悪化する, そらす, ～を無視する"
compile,まとめる,"捨てる, 飼いならす, ～を忘れる"
wither,しぼむ,"つぶやく, 手に入れる, ～を避ける"
stun,びっくりさせる,"削除する, 断言する, ～を無視する"
choke,のどがつまる,"阻害する, 浸る, ～を忘れる"
deteriorate,悪化する,"そらす, 期限が切れる, ～を避ける"
dump,捨てる,"飼いならす, 乗り出す, ～を無視する"
murmur,つぶやく,"手に入れる, 誓う, ～を忘れる"
delete,削除する,"断言する, 予知する, ～を避ける"
inhibit,阻害する,"浸る, 崇拝する, ～を無視する"
divert,そらす,"期限が切れる, 切望する, ～を忘れる"
tame,飼いならす,"乗り出す, 弱める, ～を避ける"
reap,手に入れる,"誓う, 吸う, ～を無視する"
affirm,断言する,"予知する, 誓う, ～を忘れる"
immersed,浸る,"崇拝する, 立ち入る, ～を避ける"
expire,期限が切れる,"切望する, 訴える, ～を無視する"
embark,乗り出す,"弱める, 歪曲する, ～を忘れる"
vow,誓う,"吸う, 消す, ～を避ける"
foresee,予知する,"誓う, 説教する, ～を無視する"
adore,崇拝する,"立ち入る, 抑制する, ～を忘れる"
yearn,切望する,"訴える, 耐える, ～を避ける"
undermine,弱める,"歪曲する, 浸す, ～を無視する"
suck,吸う,"消す, 暗唱する, ～を忘れる"
pledge,誓う,"説教する, 押し込む, ～を避ける"
intrude,立ち入る,"抑制する, 嘆願する, ～を無視する"
sue,訴える,"耐える, 恥をかかせる, ～を忘れる"
distort,歪曲する,"浸す, 放出する, ～を避ける"
extinguish,消す,"暗唱する, 非難する, ～を無視する"
preach,説教する,"押し込む, 検索する, ～を忘れる"
curb,抑制する,"嘆願する, 肩をすくめる, ～を避ける"
withstand,耐える,"恥をかかせる, 呼び起こす, ～を無視する"
dip,浸す,"放出する, 取ってくる, ～を忘れる"
recite,暗唱する,"非難する, お世辞を言う, ～を避ける"
thrust,押し込む,"検索する, 散文, ～を無視する"
plead,嘆願する,"肩をすくめる, 織物, ～を忘れる"
humiliate,恥をかかせる,"呼び起こす, 材木, ～を避ける"
discharge,放出する,"取ってくる, 傑作, ～を無視する"
condemn,非難する,"お世辞を言う, 暴動, ～を忘れる"
retrieve,検索する,"散文, 車両, ～を避ける"
shrug,肩をすくめる,"織物, 装置, ～を無視する"
evoke,呼び起こす,"材木, 大騒ぎ, ～を忘れる"
fetch,取ってくる,"傑作, 欠乏, ～を避ける"
flatter,お世辞を言う,"暴動, 相続人, ～を無視する"
prose,散文,"車両, 赤道, ～を忘れる"
textile,織物,"装置, 石油, ～を避ける"
timber,材木,"大騒ぎ, 魔女, ～を無視する"
masterpiece,傑作,"欠乏, 蒸気, ～を忘れる"
riot,暴動,"相続人, 探査機, ～を避ける"
carriage,車両,"赤道, 専門知識, ～を無視する"
apparatus,装置,"石油, 軽蔑, ～を忘れる"
fuss,大騒ぎ,"魔女, 預言者, ～を避ける"
deficiency,欠乏,"蒸気, そよ風, ～を無視する"
heir,相続人,"探査機, 罪, ～を忘れる"
equator,赤道,"専門知識, 急増, ～を避ける"
petroleum,石油,"軽蔑, 補うもの, ～を無視する"
witch,魔女,"預言者, 列, ～を忘れる"
vapor,蒸気,"そよ風, 賭け金, ～を避ける"
probe,探査機,"罪, 大使, ～を無視する"
expertise,専門知識,"急増, 陪審員, ～を忘れる"
scorn,軽蔑,"補うもの, 集団, ～を避ける"
prophet,預言者,"列, こぶ, ～を無視する"
breeze,そよ風,"賭け金, 牧草地, ～を忘れる"
sin,罪,"大使, 偉業, ～を避ける"
surge,急増,"陪審員, 気質, ～を無視する"
complement,補うもの,"集団, 寒気, ～を忘れる"
queue,列,"こぶ, 器具, ～を避ける"
stake,賭け金,"牧草地, 前任者, ～を無視する"
ambassador,大使,"偉業, 存在, ～を忘れる"
jury,陪審員,"気質, もてなし, ～を避ける"
cluster,集団,"寒気, 話, ～を無視する"
lump,こぶ,"器具, 部分、区分, ～を忘れる"
meadow,牧草地,"前任者, 大災害, ～を避ける"
feat,偉業,"存在, 君主、皇帝, ～を無視する"
temperament,気質,"もてなし, 制約, ～を忘れる"
chill,寒気,"話, 改正、修正, ～を避ける"
appliance,器具,"部分、区分, 宇宙, ～を無視する"
predecessor,前任者,"大災害, 通路, ～を忘れる"
entity,存在,"君主、皇帝, 階級制度, ～を避ける"
hospitality,もてなし,"制約, 通行料, ～を無視する"
narrative,話,"改正、修正, 取引, ～を忘れる"
segment,部分、区分,"宇宙, 強盗, ～を避ける"
catastrophe,大災害,"通路, 圧政, ～を無視する"
monarch,君主、皇帝,"階級制度, 寄生生物, ～を忘れる"
constraint,制約,"通行料, 直感, ～を避ける"
amendment,改正、修正,"取引, 共産主義の, ～を無視する"
cosmos,宇宙,"強盗, 遺産, ～を忘れる"
aisle,通路,"圧政, 静脈, ～を避ける"
hierarchy,階級制度,"寄生生物, 論説, ～を無視する"
toll,通行料,"直感, 乳製品、酪農, ～を忘れる"
transaction,取引,"共産主義の, 工芸品, ～を避ける"
burglar,強盗,"遺産, はけ口, ～を無視する"
tyranny,圧政,"静脈, 不安, ～を忘れる"
parasite,寄生生物,"論説, 憂うつ, ～を避ける"
intuition,直感,"乳製品、酪農, 目新しさ, ～を無視する"
communist,共産主義の,"工芸品, 標本, ～を忘れる"
legacy,遺産,"はけ口, 衛生, ～を避ける"
vein,静脈,"不安, 戦術, ～を無視する"
discourse,論説,"憂うつ, 独占, ～を忘れる"
dairy,乳製品、酪農,"目新しさ, 印, ～を避ける"
artifact,工芸品,"標本, 貴族階級, ～を無視する"
outlet,はけ口,"衛生, 復讐, ～を忘れる"
apprehension,不安,"戦術, 活動家, ～を避ける"
melancholy,憂うつ,"独占, 美辞麗句, ～を無視する"
novelty,目新しさ,"印, 起業家, ～を忘れる"
specimen,標本,"貴族階級, 国勢調査, ～を避ける"
hygiene,衛生,"復讐, 瀬戸際, ～を無視する"
tactics,戦術,"活動家, 出現、到来, ～を忘れる"
monopoly,独占,"美辞麗句, 類似点, ～を避ける"
token,印,"起業家, 灌漑, ～を無視する"
aristocracy,貴族階級,"国勢調査, 報道, ～を忘れる"
revenge,復讐,"瀬戸際, 料理, ～を避ける"
activist,活動家,"出現、到来, 脅威, ～を無視する"
rhetoric,美辞麗句,"類似点, 危険, ～を忘れる"
entrepreneur,起業家,"灌漑, 手足, ～を避ける"
census,国勢調査,"報道, 攻撃, ～を無視する"
verge,瀬戸際,"料理, 憎しみ, ～を忘れる"
advent,出現、到来,"脅威, 自主性, ～を避ける"
analogy,類似点,"危険, 塾, ～を無視する"
irrigation,灌漑,"手足, 補助金, ～を忘れる"
coverage,報道,"攻撃, 共感, ～を避ける"
cuisine,料理,"憎しみ, 俗語, ～を無視する"
menace,脅威,"自主性, 姿勢, ～を忘れる"
peril,危険,"塾, イデオロギー, ～を避ける"
limb,手足,"補助金, 災いのもと, ～を無視する"
assault,攻撃,"共感, 腫瘍, ～を忘れる"
hatred,憎しみ,"俗語, 交差点, ～を避ける"
autonomy,自主性,"姿勢, 期間, ～を無視する"
cram,塾,"イデオロギー, 森林破壊, ～を忘れる"
subsidy,補助金,"災いのもと, 用心, ～を避ける"
empathy,共感,"腫瘍, ひとたばの, ～を無視する"
slang,俗語,"交差点, 欠点, ～を忘れる"
posture,姿勢,"期間, 熱望, ～を避ける"
Ideology,イデオロギー,"森林破壊, 精神科医, ～を無視する"
curse,災いのもと,"用心, 発送, ～を忘れる"
tumor,腫瘍,"ひとたばの, 上院議員, ～を避ける"
intersection,交差点,"欠点, 政治家, ～を無視する"
duration,期間,"熱望, 部下, ～を忘れる"
deforestation,森林破壊,"精神科医, 空白, ～を避ける"
precaution,用心,"発送, 探究, ～を無視する"
bunch,ひとたばの,"上院議員, 瞑想, ～を忘れる"
shortcoming,欠点,"政治家, 加入者, ～を避ける"
aspiration,熱望,"部下, 謎, ～を無視する"
psychiatrist,精神科医,"空白, ぼろ, ～を忘れる"
shipping,発送,"探究, さび, ～を避ける"
senator,上院議員,"瞑想, 衛生, ～を無視する"
statesman,政治家,"加入者, まっただ中, ～を忘れる"
subordinate,部下,"謎, いたずら, ～を避ける"
vacuum,空白,"ぼろ, 検定, ～を無視する"
quest,探究,"さび, 記憶, ～を忘れる"
meditation,瞑想,"衛生, 緯, ～を避ける"
subscriber,加入者,"まっただ中, 摩擦, ～を無視する"
riddle,謎,"いたずら, 植物学者, ～を忘れる"
rag,ぼろ,"検定, 遺伝, ～を避ける"
rust,さび,"記憶, 軽蔑, ～を無視する"
sanitation,衛生,"緯, 構造, ～を忘れる"
midst,まっただ中,"摩擦, 誠実, ～を避ける"
mischief,いたずら,"植物学者, 貨物, ～を無視する"
proficiency,検定,"遺伝, わいろ, ～を忘れる"
recollection,記憶,"軽蔑, 噴火, ～を避ける"
latitude,緯,"構造, 葬式, ～を無視する"
friction,摩擦,"誠実, 赤字, ～を忘れる"
botanist,植物学者,"貨物, 大部分, ～を避ける"
heredity,遺伝,"わいろ, 百万長者, ～を無視する"
contempt,軽蔑,"噴火, 灰, ～を忘れる"
anatomy,構造,"葬式, 領域, ～を避ける"
integrity,誠実,"赤字, 農園, ～を無視する"
cargo,貨物,"大部分, すき, ～を忘れる"
bribe,わいろ,"百万長者, 販売, ～を避ける"
eruption,噴火,"灰, 孤児, ～を無視する"
funeral,葬式,"領域, 神経細胞, ～を忘れる"
deficit,赤字,"農園, 植生, ～を避ける"
bulk,大部分,"すき, 戦士, ～を無視する"
millionaire,百万長者,"販売, 突然変異, ～を忘れる"
ash,灰,"孤児, 下水, ～を避ける"
realm,領域,"神経細胞, 理論的枠組, ～を無視する"
plantation,農園,"植生, 議定書, ～を忘れる"
plow,すき,"戦士, 高層ビル, ～を避ける"
vending,販売,"突然変異, 一致, ～を無視する"
orphan,孤児,"下水, 官僚, ～を忘れる"
neuron,神経細胞,"理論的枠組, 多彩, ～を避ける"
vegetation,植生,"議定書, 衝突, ～を無視する"
warrior,戦士,"高層ビル, 拷問, ～を忘れる"
mutation,突然変異,"一致, 統治, ～を避ける"
sewage,下水,"官僚, 論文, ～を無視する"
paradigm,理論的枠組,"多彩, 桁, ～を忘れる"
protocol,議定書,"衝突, 課題, ～を避ける"
skyscraper,高層ビル,"拷問, 発症, ～を無視する"
accord,一致,"統治, 小作農, ～を忘れる"
bureaucrat,官僚,"論文, 紫外, ～を避ける"
array,多彩,"桁, 有名な, ～を無視する"
clash,衝突,"課題, 透き通った, ～を忘れる"
torture,拷問,"発症, 薄暗い, ～を避ける"
reign,統治,"小作農, 正当な, ～を無視する"
thesis,論文,"紫外, 悪, ～を忘れる"
digit,桁,"有名な, すばやい, ～を避ける"
agenda,課題,"透き通った, 世間知らずの, ～を無視する"
onset,発症,"薄暗い, ばか, ～を忘れる"
peasant,小作農,"正当な, 暗い, ～を避ける"
ultraviolet,紫外,"悪, 激怒した, ～を無視する"
renowned,有名な,"すばやい, まじめな, ～を忘れる"
transparent,透き通った,"世間知らずの, すばらしい, ～を避ける"
dim,薄暗い,"ばか, 垂直な, ～を無視する"
legitimate,正当な,"暗い, 邪悪な, ～を忘れる"
adverse,悪,"激怒した, 主観的な, ～を避ける"
swift,すばやい,"まじめな, 進んだ考えの, ～を無視する"
naive,世間知らずの,"すばらしい, 本物の, ～を忘れる"
dumb,ばか,"垂直な, 残忍な, ～を避ける"
gloomy,暗い,"邪悪な, めまい, ～を無視する"
furious,激怒した,"主観的な, まったくの, ～を忘れる"
earnest,まじめな,"進んだ考えの, いたずらな, ～を避ける"
terrific,すばらしい,"本物の, 湿った, ～を無視する"
vertical,垂直な,"残忍な, 静的な, ～を忘れる"
wicked,邪悪な,"めまい, 運命にある, ～を避ける"
subjective,主観的な,"まったくの, 呼吸器に関する、呼吸の, ～を無視する"
enlightened,進んだ考えの,"いたずらな, 無数の, ～を忘れる"
authentic,本物の,"湿った, 不器用な, ～を避ける"
brutal,残忍な,"静的な, 美的, ～を無視する"
dizzy,めまい,"運命にある, とりつかれている, ～を忘れる"
sheer,まったくの,"呼吸器に関する、呼吸の, 切り離された, ～を避ける"
naughty,いたずらな,"無数の, 難破した, ～を無視する"
damp,湿った,"不器用な, 無謀な, ～を忘れる"
static,静的な,"美的, 傲慢な, ～を避ける"
doomed,運命にある,"とりつかれている, 頭がいっぱいだ, ～を無視する"
respiratory,呼吸器に関する、呼吸の,"切り離された, 巨大な, ～を忘れる"
innumerable,無数の,"難破した, 顕著な, ～を避ける"
clumsy,不器用な,"無謀な, すらりとした, ～を無視する"
aesthetic,美的,"傲慢な, 明らかな, ～を忘れる"
obsessed,とりつかれている,"頭がいっぱいだ, きちんと, ～を避ける"
detached,切り離された,"巨大な, 懐疑的な, ～を無視する"
wrecked,難破した,"顕著な, 悪名高い, ～を忘れる"
reckless,無謀な,"すらりとした, 匿名の, ～を避ける"
arrogant,傲慢な,"明らかな, 単調な, ～を無視する"
preoccupied,頭がいっぱいだ,"きちんと, 豊富に, ～を忘れる"
gigantic,巨大な,"懐疑的な, こぎれいな, ～を避ける"
conspicuous,顕著な,"悪名高い, 野蛮な, ～を無視する"
slender,すらりとした,"匿名の, 一貫した, ～を忘れる"
manifest,明らかな,"単調な, 雄弁な, ～を避ける"
tidy,きちんと,"豊富に, 不快な, ～を無視する"
skeptical,懐疑的な,"こぎれいな, 青少年の, ～を忘れる"
notorious,悪名高い,"野蛮な, 義務的な, ～を避ける"
anonymous,匿名の,"一貫した, やすい, ～を無視する"
monotonous,単調な,"雄弁な, 勝手な, ～を忘れる"
ample,豊富に,"不快な, 独創的な, ～を避ける"
trim,こぎれいな,"青少年の, 神聖なる, ～を無視する"
savage,野蛮な,"義務的な, やさしい, ～を忘れる"
coherent,一貫した,"やすい, 憤慨している, ～を避ける"
eloquent,雄弁な,"勝手な, 本来の, ～を無視する"
foul,不快な,"独創的な, 麻痺している, ～を忘れる"
juvenile,青少年の,"神聖なる, 適合する, ～を避ける"
compulsory,義務的な,"やさしい, 愛国的な, ～を無視する"
prone,やすい,"憤慨している, 名高い, ～を忘れる"
arbitrary,勝手な,"本来の, 強力な, ～を避ける"
ingenious,独創的な,"麻痺している, 正気を失っている, ～を無視する"
divine,神聖なる,"適合する, 主要な, ～を忘れる"
tender,やさしい,"愛国的な, 間接, ～を避ける"
outraged,憤慨している,"名高い, 先住, ～を無視する"
intrinsic,本来の,"強力な, 最も, ～を忘れる"
paralyzed,麻痺している,"正気を失っている, 不可欠な, ～を避ける"
compatible,適合する,"主要な, 複雑な, ～を無視する"
patriotic,愛国的な,"間接, 人口統計の, ～を忘れる"
eminent,名高い,"先住, 強力な, ～を避ける"
potent,強力な,"最も, 無傷の, ～を無視する"
insane,正気を失っている,"不可欠な, 決意をしている, ～を忘れる"
staple,主要な,"複雑な, 興味深い, ～を避ける"
secondhand,間接,"人口統計の, 陽気な, ～を無視する"
indigenous,先住,"強力な, 永続する, ～を忘れる"
utmost,最も,"無傷の, 脊椎の, ～を避ける"
integral,不可欠な,"決意をしている, かかりやすい, ～を無視する"
intricate,複雑な,"興味深い, 義務的な, ～を忘れる"
demographics,人口統計の,"陽気な, まっすぐに, ～を避ける"
mighty,強力な,"永続する, 不意に, ～を無視する"
intact,無傷の,"脊椎の, 逆に, ～を忘れる"
intent,決意をしている,"かかりやすい, 主に, ～を避ける"
intriguing,興味深い,"義務的な, ～しないように, ～を無視する"
merry,陽気な,"まっすぐに, 間接, ～を忘れる"
perpetual,永続する,"不意に, 先住, ～を避ける"
spinal,脊椎の,"逆に, 最も, ～を無視する"
susceptible,かかりやすい,"主に, 不可欠な, ～を忘れる"
mandatory,義務的な,"～しないように, 複雑な, ～を避ける"
upright,まっすぐに,"陽気な, 人口統計の, ～を無視する"
abruptly,不意に,"永続する, 強力な, ～を忘れる"
conversely,逆に,"脊椎の, 無傷の, ～を避ける"
predominantly,主に,"かかりやすい, 決意をしている, ～を無視する"
lest,～しないように,"義務的な, 興味深い, ～を忘れる"
decline,衰退する,繁栄する,維持する,増加する
deduce,推論する,想像する,否定する,忘れる
define,定義する,曖昧にする,混乱させる,無視する
definite,明確な,不確かな,些細な,複雑な
